Cluster,person_w_disabilty___1,person_w_disabilty___2,person_w_disabilty___3,person_w_disabilty___4,person_w_disabilty___5,person_w_disabilty___6,person_w_disabilty___7,activities_access___1,activities_access___2,activities_access___3,activities_access___4,activities_access___5,activities_access___6,income,age,zip_cd
C1,0,1,0,0,0,0,0,1,0,0,0,0,0,0.3333333333333333,0.42857142857142855,0.8040380286219649
C3,1,0,0,1,0,0,0,1,0,0,0,0,0,1.0,1.0,0.1520642386235729
C1,0,1,1,0,0,0,0,1,0,0,0,0,0,0.6666666666666666,0.42857142857142855,0.08920244412284933
C1,1,0,0,0,0,0,0,1,0,0,0,0,0,0.0,0.2857142857142857,0.15288832609744332
C2,0,1,1,1,1,1,0,1,0,0,0,0,0,0.16666666666666666,1.0,0.08865975237176395
C1,0,0,0,1,0,0,0,1,0,0,0,0,0,0.5,0.42857142857142855,0.9999799003055153
C1,1,1,0,0,0,0,0,1,0,0,0,0,0,0.6666666666666666,0.5714285714285714,1.0
C1,0,0,0,1,0,0,0,1,0,0,0,0,0,0.5,0.42857142857142855,0.9999899501527577
C1,1,0,1,0,0,0,0,1,0,0,0,0,0,0.5,0.2857142857142857,0.48557846920726805
C1,0,1,0,0,0,0,0,1,0,0,0,0,0,0.5,0.2857142857142857,0.9112196494613282
C1,1,0,1,0,0,0,0,1,0,0,0,0,0,0.5,0.2857142857142857,0.986111111111111
C1,0,0,0,1,1,0,0,1,0,0,0,0,0,0.0,1.0,0.6552801897411159
C1,0,0,1,0,0,0,0,1,0,0,0,0,0,0.5,0.8571428571428571,0.5882477086348288
C1,0,0,1,0,0,0,0,1,0,0,0,0,0,0.5,0.8571428571428571,0.6091614407461007
C1,0,0,1,0,0,0,0,1,0,0,0,0,0,0.5,0.8571428571428571,0.37213579353593823
C1,0,0,0,1,0,0,0,1,0,0,0,0,0,0.6666666666666666,0.7142857142857142,0.8546591091815404
C3,0,0,0,1,0,0,0,1,0,0,0,0,0,0.6666666666666666,0.8571428571428571,0.1659129281234925
C1,0,0,0,1,1,0,0,1,0,0,0,0,0,0.16666666666666666,0.2857142857142857,0.1571997105643994
C1,0,0,1,0,0,1,0,1,0,0,0,0,0,0.3333333333333333,0.7142857142857142,0.6552801897411159
C3,1,0,0,0,0,0,1,1,0,0,0,0,0,1.0,1.0,0.15084820710725197
C2,0,0,0,0,0,0,1,1,0,0,0,0,0,0.0,0.8571428571428571,0.15779265155169642
C2,0,0,0,0,0,0,1,1,0,0,0,0,0,0.3333333333333333,1.0,0.1574610065926998
C3,0,0,0,0,0,0,1,1,0,0,0,0,0,0.6666666666666666,0.8571428571428571,0.15318982151471297
C3,0,0,0,0,0,0,1,1,0,0,0,0,0,1.0,0.8571428571428571,0.152878276250201
C2,0,0,0,1,0,1,0,1,0,0,0,0,0,0.0,0.8571428571428571,0.16181259044862517
C3,0,0,0,0,0,0,1,1,0,0,0,0,0,0.6666666666666666,0.8571428571428571,0.15555153561665863
C3,0,0,0,1,0,0,0,1,0,0,0,0,0,1.0,0.8571428571428571,0.6080358578549606
C1,0,0,0,0,0,1,0,1,0,0,0,0,0,0.5,0.2857142857142857,0.6120457469046471
C3,0,0,0,1,0,0,0,1,0,0,0,0,0,1.0,0.8571428571428571,0.6080358578549606
C2,1,0,0,1,0,0,0,1,0,0,0,0,0,0.3333333333333333,0.7142857142857142,0.6094629361633703
C3,0,0,0,1,1,1,1,1,0,0,0,0,0,0.8333333333333333,0.7142857142857142,0.6075434153400868
C1,0,0,0,1,0,0,0,1,0,0,0,0,0,0.0,0.2857142857142857,0.6094227367744011
C1,0,0,1,0,0,0,0,1,0,0,0,0,0,0.8333333333333333,0.42857142857142855,0.6041968162083936
C2,1,0,0,1,0,1,0,1,0,0,0,0,0,0.0,0.7142857142857142,0.6167691751085383
C2,0,0,0,0,0,0,1,1,0,0,0,0,0,0.0,0.8571428571428571,0.8570610226724553
C3,0,0,1,1,1,1,0,1,0,0,0,0,0,0.6666666666666666,0.8571428571428571,0.15748110628718442
C1,0,0,0,1,0,0,0,1,0,0,0,0,0,0.5,0.7142857142857142,0.9795586107091172
C3,0,0,0,1,0,0,0,1,0,0,0,0,0,0.6666666666666666,0.8571428571428571,0.15197378999839203
C2,0,0,0,0,0,0,1,1,0,0,0,0,0,0.0,0.8571428571428571,0.5558872005145522
C1,1,1,1,1,0,0,0,0,1,0,0,0,0,0.3333333333333333,0.2857142857142857,0.14652677279305354
C1,0,0,1,0,0,0,0,0,1,0,0,0,0,0.0,0.5714285714285714,0.08945369030390737
C1,0,0,1,0,0,0,0,0,1,0,0,0,0,0.0,0.2857142857142857,0.3738844669561023
C1,0,0,0,1,0,0,0,0,1,0,0,0,0,0.6666666666666666,0.2857142857142857,0.9999899501527577
C1,0,1,1,0,0,0,0,0,1,0,0,0,0,0.5,0.42857142857142855,0.999969850458273
C1,0,0,0,1,0,0,0,0,1,0,0,0,0,0.6666666666666666,0.5714285714285714,0.9999799003055153
C1,0,0,1,1,0,0,0,0,1,0,0,0,0,0.5,0.42857142857142855,0.9999799003055153
C1,0,0,0,1,0,0,0,0,1,0,0,0,0,0.5,0.2857142857142857,0.999969850458273
C1,0,0,1,0,0,0,0,0,1,0,0,0,0,0.5,0.42857142857142855,0.11759326258240875
C1,0,0,1,0,0,0,0,0,1,0,0,0,0,0.6666666666666666,0.2857142857142857,0.1416425470332851
C1,0,0,1,0,0,0,0,0,1,0,0,0,0,0.3333333333333333,0.8571428571428571,0.7901993889692877
C1,0,0,0,1,0,0,0,0,1,0,0,0,0,0.3333333333333333,0.5714285714285714,0.07551455217880688
C1,0,0,1,0,0,1,0,0,1,0,0,0,0,0.0,0.2857142857142857,0.08875020099694485
C1,1,0,0,0,0,0,0,0,1,0,0,0,0,0.6666666666666666,0.8571428571428571,0.7387341212413571
C3,0,0,1,1,0,0,0,1,1,0,0,0,0,0.5,0.5714285714285714,0.08881050008039877
C1,0,0,0,1,1,0,0,1,1,0,0,0,0,0.6666666666666666,0.2857142857142857,0.999969850458273
C1,0,0,0,1,0,0,0,1,1,0,0,0,0,0.6666666666666666,0.2857142857142857,0.9999799003055153
C1,0,0,1,0,0,0,0,1,1,0,0,0,0,0.5,0.2857142857142857,1.0
C1,0,1,0,0,0,0,0,1,1,0,0,0,0,0.6666666666666666,0.42857142857142855,1.0
C1,0,0,1,1,0,0,0,1,1,0,0,0,0,0.5,0.42857142857142855,0.9999899501527577
C1,0,1,0,0,0,0,0,1,1,0,0,0,0,0.6666666666666666,0.2857142857142857,0.9999799003055153
C1,0,0,0,1,0,0,0,1,1,0,0,0,0,0.6666666666666666,0.2857142857142857,0.9999899501527577
C1,0,0,1,1,0,0,0,1,1,0,0,0,0,0.6666666666666666,0.2857142857142857,0.9999899501527577
C1,0,0,0,1,0,0,0,1,1,0,0,0,0,0.8333333333333333,0.2857142857142857,0.999969850458273
C1,0,1,0,1,0,0,0,1,1,0,0,0,0,0.6666666666666666,0.42857142857142855,0.6931078147612156
C1,1,0,1,0,0,0,0,1,1,0,0,0,0,0.6666666666666666,0.42857142857142855,0.6206886155330439
C1,0,0,0,1,0,0,0,1,1,0,0,0,0,0.8333333333333333,0.42857142857142855,0.9044963016562149
C1,0,0,0,1,1,0,0,1,1,0,0,0,0,0.6666666666666666,1.0,0.7692253577745618
C3,0,0,0,0,0,0,1,1,1,0,0,0,0,1.0,0.8571428571428571,0.15313957227850136
C3,0,0,0,0,0,0,1,1,1,0,0,0,0,0.8333333333333333,1.0,0.07498191027496381
C3,1,1,0,1,0,0,1,1,1,0,0,0,0,1.0,1.0,0.8570610226724553
C1,1,1,1,0,0,0,0,0,0,1,0,0,0,0.6666666666666666,0.8571428571428571,0.9314700916546068
C1,0,1,0,0,0,0,0,0,0,1,0,0,0,1.0,0.8571428571428571,0.9298721659430776
C1,0,1,0,0,0,0,0,0,0,1,0,0,0,0.3333333333333333,0.2857142857142857,0.9046269496703649
C1,0,0,1,1,1,1,0,0,0,1,0,0,0,0.16666666666666666,0.14285714285714285,0.08095151953690304
C2,0,1,0,0,0,1,0,0,0,1,0,0,0,0.16666666666666666,0.5714285714285714,0.07079112397491558
C1,0,1,0,0,0,0,0,0,0,1,0,0,0,0.0,0.14285714285714285,0.354176716513909
C2,0,0,1,0,0,0,0,0,0,1,0,0,0,0.0,0.7142857142857142,0.07063032641903844
C1,0,0,1,0,0,0,0,0,0,1,0,0,0,0.5,0.42857142857142855,0.45238382376587877
C1,0,0,0,1,0,0,0,0,0,1,0,0,0,0.6666666666666666,0.8571428571428571,0.15079795787104036
C1,0,0,0,1,0,0,0,0,0,1,0,0,0,0.0,0.14285714285714285,0.07035898054349574
C1,0,0,0,1,0,0,0,0,0,1,0,0,0,1.0,0.5714285714285714,0.6218242482714262
C1,1,1,0,0,0,0,0,0,0,1,0,0,0,0.8333333333333333,0.7142857142857142,0.0
C1,0,0,0,1,0,0,0,0,0,1,0,0,0,0.6666666666666666,0.5714285714285714,0.60439781315324
C2,0,0,0,1,0,0,0,0,0,1,0,0,0,0.0,0.7142857142857142,0.6031114327062228
C1,1,0,0,1,0,0,0,0,0,1,0,0,0,0.6666666666666666,0.5714285714285714,0.603553625984885
C1,0,0,0,0,0,0,1,0,0,1,0,0,0,0.6666666666666666,0.2857142857142857,0.282842900787908
C1,0,0,1,0,0,0,0,1,0,1,0,0,0,0.16666666666666666,0.14285714285714285,0.2132276089403441
C2,0,0,1,0,1,1,0,1,0,1,0,0,0,0.5,0.7142857142857142,0.07089162244733879
C2,0,1,0,0,0,0,0,1,0,1,0,0,0,0.0,0.8571428571428571,0.21319745939861715
C4,0,0,1,0,0,1,0,1,0,1,0,0,0,1.0,0.7142857142857142,0.1509185560379482
C1,0,0,1,0,0,0,0,1,0,1,0,0,0,0.5,0.42857142857142855,0.22200112558289115
C2,0,0,1,0,1,1,0,1,0,1,0,0,0,0.0,0.7142857142857142,0.07669038430615854
C1,0,0,0,1,1,0,0,1,0,1,0,0,0,1.0,0.7142857142857142,0.9249577906415822
C1,0,0,0,1,0,0,0,1,0,1,0,0,0,0.5,0.2857142857142857,0.6080660073966876
C1,0,0,1,0,0,1,0,1,0,1,0,0,0,0.3333333333333333,0.2857142857142857,0.15296872487538188
C1,0,0,1,0,1,0,0,0,1,1,0,0,0,0.5,0.42857142857142855,0.2950233156456022
C1,0,0,1,0,0,0,0,1,1,1,0,0,0,0.8333333333333333,0.14285714285714285,0.0654848046309696
C1,0,1,1,1,0,0,0,1,1,1,0,0,0,0.5,0.8571428571428571,0.6332408747387039
C1,0,0,0,0,0,1,0,1,1,1,0,0,0,0.0,0.14285714285714285,0.07105242000321595
C1,0,0,0,1,0,0,0,1,1,1,0,0,0,0.0,0.14285714285714285,0.0638265798359865
C1,0,0,0,1,0,0,0,1,1,1,0,0,0,0.8333333333333333,0.14285714285714285,0.6037345232352468
C1,0,0,0,1,0,0,0,1,1,1,0,0,0,0.0,0.14285714285714285,0.5438474835182505
C1,0,0,0,1,0,0,0,1,1,1,0,0,0,0.6666666666666666,0.42857142857142855,0.6095332850940666
C1,0,1,1,1,0,0,0,0,0,0,1,0,0,0.8333333333333333,0.8571428571428571,0.9046771989065766
C2,1,0,1,1,0,1,0,0,0,0,1,0,0,0.0,1.0,0.9853171731789676
C2,0,0,0,1,0,0,0,1,0,0,1,0,0,0.0,0.7142857142857142,0.1872286541244573
C2,0,1,0,0,0,0,0,1,0,0,1,0,0,0.3333333333333333,0.42857142857142855,0.3031536420646406
C1,1,0,0,0,0,1,0,1,0,0,1,0,0,0.6666666666666666,0.2857142857142857,0.7980985689017527
C1,0,0,0,1,0,0,0,1,0,0,1,0,0,0.5,0.2857142857142857,0.6086488985367422
C2,0,0,0,1,0,0,0,1,0,0,1,0,0,0.0,0.7142857142857142,0.06524360829715388
C3,0,0,0,1,0,0,0,1,0,0,1,0,0,0.8333333333333333,0.7142857142857142,0.22150868306801735
C1,0,1,0,0,0,0,0,1,0,0,1,0,0,0.5,0.14285714285714285,0.9180937449750763
C3,0,0,0,1,0,0,0,1,0,0,1,0,0,0.5,1.0,0.15222503617945007
C2,0,0,0,0,0,0,1,1,0,0,1,0,0,0.0,0.8571428571428571,0.29732473066409393
C2,0,0,0,0,0,0,1,1,0,0,1,0,0,0.3333333333333333,0.8571428571428571,0.15311947258401673
C2,0,0,0,0,0,0,1,1,0,0,1,0,0,0.0,1.0,0.15221498633220776
C2,0,0,0,0,0,0,1,1,0,0,1,0,0,0.3333333333333333,0.8571428571428571,0.1515918958031838
C2,0,0,0,0,0,0,1,1,0,0,1,0,0,0.6666666666666666,0.8571428571428571,0.1676917510853835
C2,0,0,0,0,0,0,1,1,0,0,1,0,0,0.5,1.0,0.15276772793053545
C2,1,0,0,1,0,0,1,1,0,0,1,0,0,0.3333333333333333,1.0,0.15195369030390737
C2,0,0,0,0,0,1,0,1,0,0,1,0,0,0.16666666666666666,0.8571428571428571,0.152878276250201
C3,0,0,0,0,0,0,1,1,0,0,1,0,0,1.0,1.0,0.15307927319504744
C3,0,0,0,0,0,0,1,1,0,0,1,0,0,1.0,0.8571428571428571,0.6040058691107895
C2,0,0,0,0,0,0,1,1,0,0,1,0,0,0.0,1.0,0.8570610226724553
C1,0,0,0,1,1,0,0,1,0,0,1,0,0,0.5,0.5714285714285714,0.5340689821514712
C3,0,0,0,1,1,1,0,1,0,0,1,0,0,1.0,0.7142857142857142,0.24305555555555555
C3,0,0,0,1,0,0,1,1,0,0,1,0,0,0.8333333333333333,0.8571428571428571,0.15176274320630326
C2,0,0,0,1,1,1,1,1,0,0,1,0,0,0.0,0.8571428571428571,0.16185278983759446
C1,0,1,0,0,1,0,0,0,1,0,1,0,0,0.5,0.2857142857142857,0.28775727608940344
C1,0,0,1,0,0,0,0,0,1,0,1,0,0,0.5,0.2857142857142857,0.20270541887763305
C1,0,0,1,0,1,0,0,0,1,0,1,0,0,0.5,0.2857142857142857,0.2950233156456022
C1,0,0,1,0,1,0,0,0,1,0,1,0,0,0.5,0.42857142857142855,0.11269898697539797
C1,0,0,0,1,1,0,0,0,1,0,1,0,0,0.6666666666666666,0.2857142857142857,0.5568720855442997
C1,1,0,0,0,0,1,0,0,1,0,1,0,0,0.16666666666666666,0.5714285714285714,0.3247306640939058
C3,0,0,1,1,1,1,0,1,1,0,1,0,0,1.0,0.5714285714285714,0.16717920887602508
C1,0,1,1,1,1,0,0,1,1,0,1,0,0,0.0,0.5714285714285714,0.8052842096800128
C3,0,0,1,0,0,0,0,1,1,0,1,0,0,0.5,0.8571428571428571,0.0744191188293938
C1,0,0,0,1,0,0,0,1,1,0,1,0,0,0.6666666666666666,0.42857142857142855,0.23723669400225117
C1,1,0,1,0,0,1,0,1,1,0,1,0,0,0.16666666666666666,0.42857142857142855,0.98857332368548
C5,0,0,0,1,0,0,0,1,1,0,1,0,0,0.8333333333333333,0.8571428571428571,0.9313394436404566
C5,0,0,0,1,0,0,0,1,1,0,1,0,0,0.8333333333333333,1.0,0.6733598649300531
C5,0,0,0,1,0,0,0,1,1,0,1,0,0,1.0,0.8571428571428571,0.9313394436404566
C2,0,0,0,1,0,0,0,1,1,0,1,0,0,0.0,0.7142857142857142,0.20849413088921048
C3,0,0,0,1,1,1,1,1,1,0,1,0,0,0.6666666666666666,0.8571428571428571,0.9247768933912205
C2,0,0,0,1,0,0,1,1,1,0,1,0,0,0.3333333333333333,0.8571428571428571,0.1478332529345554
C3,0,0,0,0,0,0,1,1,1,0,1,0,0,1.0,1.0,0.1509185560379482
C3,0,0,0,0,0,0,1,1,1,0,1,0,0,0.6666666666666666,1.0,0.15292852548641261
C2,0,0,0,0,0,0,1,1,1,0,1,0,0,0.0,1.0,0.8570610226724553
C3,1,0,0,1,0,0,1,1,1,0,1,0,0,0.6666666666666666,1.0,0.8570610226724553
C1,0,0,0,1,0,0,0,1,1,0,1,0,0,0.8333333333333333,0.42857142857142855,0.6092016401350699
C1,0,0,0,0,0,1,0,1,1,0,1,0,0,0.6666666666666666,0.14285714285714285,0.6077946615211449
C3,0,0,1,1,1,1,0,1,1,0,1,0,0,1.0,0.42857142857142855,0.6074328670204213
C2,0,0,0,0,0,0,1,1,1,0,1,0,0,0.5,1.0,0.8570610226724553
C2,0,0,0,0,0,1,0,0,0,1,1,0,0,0.0,0.7142857142857142,0.07040922977970734
C2,0,0,0,1,0,0,0,1,0,1,1,0,0,0.0,0.7142857142857142,0.07638888888888888
C1,0,0,1,0,1,0,0,1,0,1,1,0,0,0.6666666666666666,0.42857142857142855,0.13416546068499757
C2,0,0,0,1,0,0,0,1,0,1,1,0,0,0.5,0.5714285714285714,0.11433711207589645
C2,0,0,0,1,0,0,0,1,0,1,1,0,0,0.5,0.8571428571428571,0.15294862518089725
C1,0,0,0,1,0,0,0,1,0,1,1,0,0,1.0,0.5714285714285714,0.607050972825213
C1,0,0,0,1,0,0,0,0,1,1,1,0,0,1.0,0.42857142857142855,0.29878195851423056
C2,0,0,0,1,0,0,0,0,1,1,1,0,0,0.16666666666666666,0.5714285714285714,0.28345594146968967
C1,0,0,0,1,1,0,0,1,1,1,1,0,0,0.5,0.2857142857142857,0.9457207750442194
C1,0,0,0,1,0,0,0,1,1,1,1,0,0,1.0,0.42857142857142855,0.30056078147612153
C4,0,0,0,1,1,1,0,1,1,1,1,0,0,0.5,0.42857142857142855,0.40245618266602345
C1,0,0,0,1,1,1,0,0,0,0,0,1,0,0.0,0.5714285714285714,0.15149139733076056
C2,0,0,1,0,1,0,0,0,0,0,0,1,0,0.16666666666666666,0.7142857142857142,0.28858136356327385
C1,0,0,1,0,0,0,0,0,0,0,0,1,0,0.16666666666666666,0.2857142857142857,0.3067012381411802
C2,0,0,0,1,0,0,0,0,0,0,0,1,0,0.0,0.8571428571428571,0.11433711207589645
C1,0,0,0,0,1,0,0,0,0,0,0,1,0,0.0,0.14285714285714285,0.1181661038752211
C1,0,0,0,0,0,0,1,0,0,0,0,1,0,0.3333333333333333,0.2857142857142857,0.8754522431259044
C1,0,0,0,1,1,1,0,1,0,0,0,1,0,0.16666666666666666,0.14285714285714285,0.3276350699469368
C2,0,0,0,1,0,0,0,1,0,0,0,1,0,0.3333333333333333,1.0,0.07059012703006914
C1,0,0,0,1,0,1,0,1,0,0,0,1,0,0.5,0.2857142857142857,0.930756552500402
C1,0,1,0,0,0,1,0,1,0,0,0,1,0,0.5,0.2857142857142857,0.38530109342338
C1,0,0,0,0,1,0,0,1,0,0,0,1,0,0.5,0.42857142857142855,0.20067534973468404
C2,0,1,0,1,0,1,0,1,0,0,0,1,0,0.5,0.7142857142857142,0.0892325936645763
C2,0,0,0,0,0,0,1,1,0,0,0,1,0,0.0,0.8571428571428571,0.8570610226724553
C1,0,0,1,0,0,0,0,1,0,0,0,1,0,0.5,0.42857142857142855,0.28489306962534167
C3,0,0,0,1,0,0,0,1,0,0,0,1,0,0.6666666666666666,0.8571428571428571,0.6038852709438817
C1,0,0,1,1,0,0,0,0,1,0,0,1,0,0.3333333333333333,0.2857142857142857,0.2847523717639492
C1,0,0,1,1,0,0,0,0,1,0,0,1,0,0.3333333333333333,0.42857142857142855,0.2773858337353272
C1,0,0,1,0,0,0,0,0,1,0,0,1,0,0.3333333333333333,0.2857142857142857,0.20270541887763305
C1,0,0,0,1,0,0,0,0,1,0,0,1,0,0.5,0.2857142857142857,0.17142024441228493
C1,0,1,0,0,1,0,0,0,1,0,0,1,0,0.5,0.2857142857142857,0.31214825534651874
C1,0,1,0,0,1,0,0,0,1,0,0,1,0,0.5,0.2857142857142857,0.24273396044380124
C1,1,0,1,0,0,0,0,0,1,0,0,1,0,0.16666666666666666,0.2857142857142857,0.9868748995015275
C1,1,0,0,0,1,0,0,0,1,0,0,1,0,0.3333333333333333,0.2857142857142857,0.9623532722302621
C1,1,0,0,0,0,0,0,1,1,0,0,1,0,0.6666666666666666,0.42857142857142855,0.3330217880688213
C3,0,0,0,1,0,0,1,1,1,0,0,1,0,0.6666666666666666,1.0,0.15288832609744332
C1,0,1,1,1,0,1,0,1,1,0,0,1,0,0.6666666666666666,0.42857142857142855,0.6091011416626467
C1,0,0,1,0,0,0,0,0,0,1,0,1,0,0.5,0.2857142857142857,0.2124939700916546
C1,0,0,1,0,1,0,0,0,0,1,0,1,0,0.6666666666666666,0.42857142857142855,0.17142024441228493
C1,0,0,1,0,1,0,0,0,0,1,0,1,0,0.6666666666666666,0.42857142857142855,0.2765014471780029
C1,0,0,1,0,0,0,0,0,0,1,0,1,0,0.3333333333333333,0.2857142857142857,0.33303183791606367
C1,0,0,1,0,0,0,0,0,0,1,0,1,0,0.5,0.2857142857142857,0.28346599131693195
C1,0,0,1,0,0,0,0,0,0,1,0,1,0,0.6666666666666666,0.42857142857142855,0.9046972986010613
C1,0,0,0,1,0,0,0,0,0,1,0,1,0,0.6666666666666666,0.7142857142857142,0.35649823122688534
C1,0,1,0,0,0,0,0,1,0,1,0,1,0,0.6666666666666666,0.8571428571428571,0.9196012220614247
C1,0,0,0,1,0,0,0,1,0,1,0,1,0,0.5,0.42857142857142855,0.9224654285254864
C1,0,0,0,1,0,0,0,1,0,1,0,1,0,1.0,0.42857142857142855,0.08865975237176395
C1,1,0,0,0,0,0,0,1,0,1,0,1,0,0.8333333333333333,0.8571428571428571,0.6075836147290561
C1,0,0,0,1,0,0,0,1,0,1,0,1,0,0.3333333333333333,0.5714285714285714,0.15312952243125905
C2,0,0,1,1,1,1,0,1,0,1,0,1,0,0.0,0.8571428571428571,0.29732473066409393
C1,0,1,1,1,0,0,0,1,0,1,0,1,0,0.16666666666666666,0.14285714285714285,0.7560299083453932
C2,0,1,0,1,1,1,0,1,0,1,0,1,0,0.0,1.0,0.15307927319504744
C1,0,0,1,0,1,0,0,0,1,1,0,1,0,0.6666666666666666,0.42857142857142855,0.10050852227046149
C1,0,0,1,1,0,0,0,0,1,1,0,1,0,0.5,0.42857142857142855,0.13568298761858819
C2,0,0,1,0,1,1,0,1,1,1,0,1,0,0.0,0.5714285714285714,0.07050972825213056
C1,0,0,0,1,0,0,0,0,0,0,1,1,0,0.3333333333333333,0.42857142857142855,0.8104498311625663
C2,0,0,0,0,0,0,1,0,0,0,1,1,0,0.0,0.8571428571428571,0.15307927319504744
C3,0,1,0,1,1,1,0,1,0,0,1,1,0,1.0,0.7142857142857142,0.9050490432545425
C3,0,0,1,1,1,1,0,1,0,0,1,1,0,1.0,0.7142857142857142,0.9818801254220936
C5,0,0,0,1,0,0,0,1,0,0,1,1,0,0.5,0.8571428571428571,0.7349654285254864
C5,0,0,0,1,0,0,0,1,0,0,1,1,0,0.6666666666666666,0.8571428571428571,0.8572620196173018
C2,0,0,0,1,1,0,0,1,0,0,1,1,0,0.0,0.8571428571428571,0.15176274320630326
C3,0,0,0,1,0,0,0,1,0,0,1,1,0,1.0,1.0,0.5182304228975719
C2,0,1,0,1,0,1,0,1,0,0,1,1,0,0.3333333333333333,0.14285714285714285,0.11285978453127513
C2,1,0,0,1,0,0,1,1,0,0,1,1,0,0.0,1.0,0.16146084579514391
C1,0,0,0,1,0,0,0,1,0,0,1,1,0,0.6666666666666666,0.42857142857142855,0.6083373532722303
C3,1,0,0,1,1,1,0,1,0,0,1,1,0,0.6666666666666666,0.5714285714285714,0.47213177359704134
C5,0,0,0,1,0,0,0,1,0,0,1,1,0,0.3333333333333333,0.7142857142857142,0.9300530631934394
C1,1,0,0,0,0,0,0,0,1,0,1,1,0,0.3333333333333333,0.2857142857142857,0.3317957067052581
C3,0,0,0,1,0,0,0,0,1,0,1,1,0,0.5,0.8571428571428571,0.3739347161923139
C1,0,0,1,0,0,0,0,0,1,0,1,1,0,0.6666666666666666,0.8571428571428571,0.5567715870718765
C3,1,0,0,0,0,1,0,1,1,0,1,1,0,1.0,1.0,0.07678083293133944
C1,1,1,1,1,1,0,0,1,1,0,1,1,0,0.0,0.42857142857142855,0.08930294259527255
C1,1,0,0,1,0,1,0,1,1,0,1,1,0,0.0,0.5714285714285714,0.07498191027496381
C3,0,0,0,1,0,0,0,1,1,0,1,1,0,0.6666666666666666,0.8571428571428571,0.16784249879401833
C3,1,0,1,1,0,0,0,1,1,0,1,1,0,0.3333333333333333,0.8571428571428571,0.08766481749477407
C1,0,0,0,1,0,0,0,1,1,0,1,1,0,1.0,0.2857142857142857,0.44627351664254705
C2,0,0,0,0,0,0,1,1,1,0,1,1,0,0.0,1.0,0.15307927319504744
C2,0,0,0,0,0,0,1,1,1,0,1,1,0,0.0,0.8571428571428571,0.15312952243125905
C3,0,0,0,0,0,0,1,1,1,0,1,1,0,0.8333333333333333,0.8571428571428571,0.9863322077504422
C3,0,0,0,1,0,1,1,1,1,0,1,1,0,0.5,1.0,0.1521446374015115
C3,0,0,0,1,0,1,0,1,1,0,1,1,0,0.8333333333333333,0.8571428571428571,0.6092217398295546
C1,1,1,1,1,1,0,0,1,1,0,1,1,0,0.16666666666666666,0.7142857142857142,0.9417008361472905
C4,0,0,1,0,0,1,0,0,0,1,1,1,0,1.0,0.8571428571428571,0.08592619392185238
C2,0,0,1,0,1,1,0,1,0,1,1,1,0,0.16666666666666666,0.7142857142857142,0.07146446374015115
C4,0,0,1,0,0,0,0,1,0,1,1,1,0,0.16666666666666666,0.2857142857142857,0.07067052580800771
C4,0,0,1,0,0,0,0,1,0,1,1,1,0,1.0,0.8571428571428571,0.07967518893712816
C4,0,0,0,1,1,1,0,1,1,1,1,1,0,0.5,0.42857142857142855,0.05427922495578067
C4,0,0,0,0,0,1,0,1,1,1,1,1,0,0.8333333333333333,0.7142857142857142,0.15678766682746423
C4,0,1,0,0,0,0,0,1,1,1,1,1,0,0.3333333333333333,0.7142857142857142,0.15292852548641261
C4,1,0,1,0,0,0,0,1,1,1,1,1,0,0.0,0.0,0.11775406013828589
C1,1,0,0,1,0,0,0,0,0,0,0,0,1,0.5,0.2857142857142857,0.17197298601061264
C1,0,0,0,0,0,1,0,0,0,0,0,0,1,0.0,0.42857142857142855,0.08584579514391381
C1,0,0,1,1,0,0,0,0,0,0,0,0,1,0.6666666666666666,0.5714285714285714,0.28592820389130086
C1,0,0,0,0,0,1,0,0,0,0,0,0,1,0.6666666666666666,0.42857142857142855,0.9347664415500884
C1,0,0,0,0,0,1,0,0,0,0,0,0,1,0.5,0.14285714285714285,0.9458715227528541
C1,0,0,0,1,0,0,0,0,0,0,0,0,1,0.0,0.5714285714285714,0.15302902395883583
C1,0,0,0,1,0,0,0,0,0,0,0,0,1,1.0,0.42857142857142855,0.15312952243125905
C1,0,0,0,1,0,0,0,0,0,0,0,0,1,0.5,0.7142857142857142,0.15284812670847403
C3,0,0,0,0,0,0,1,0,0,0,0,0,1,0.8333333333333333,0.8571428571428571,0.6031516320951922
C1,0,0,0,1,0,0,0,0,0,0,0,0,1,0.6666666666666666,0.42857142857142855,0.6030611834700113
C2,0,0,0,0,0,0,1,0,0,0,0,0,1,0.0,0.8571428571428571,0.6070308731307285
C1,0,0,0,1,0,0,0,1,0,0,0,0,1,0.6666666666666666,0.5714285714285714,0.19202243125904486
C3,0,0,0,1,1,1,0,1,0,0,0,0,1,1.0,0.8571428571428571,0.5384205660073966
C1,0,0,0,1,0,0,0,1,0,0,0,0,1,0.8333333333333333,0.8571428571428571,0.15197378999839203
C1,0,0,0,1,0,0,0,1,0,0,0,0,1,0.6666666666666666,0.7142857142857142,0.3407702202926515
C3,1,0,0,1,0,0,0,1,0,0,0,0,1,1.0,0.8571428571428571,0.9252793857533366
C2,0,0,0,0,0,0,1,1,0,0,0,0,1,0.0,1.0,0.1574610065926998
C3,0,0,0,0,0,0,1,1,0,0,0,0,1,1.0,0.8571428571428571,0.15292852548641261
C3,0,0,0,0,0,0,1,1,0,0,0,0,1,0.8333333333333333,1.0,0.15281797716674705
C2,0,0,0,0,0,0,1,1,0,0,0,0,1,0.0,0.8571428571428571,0.15285817655571635
C3,0,0,0,0,0,0,1,1,0,0,0,0,1,1.0,1.0,0.8570610226724553
C3,0,0,0,0,0,0,1,1,0,0,0,0,1,1.0,0.8571428571428571,0.8570610226724553
C1,0,0,0,1,0,0,0,1,0,0,0,0,1,0.3333333333333333,0.14285714285714285,0.6092518893712815
C3,1,0,0,0,0,0,1,1,0,0,0,0,1,1.0,0.8571428571428571,0.15307927319504744
C1,0,0,0,1,0,1,0,1,0,0,0,0,1,0.5,0.5714285714285714,0.3016260652838077
C1,0,0,1,0,0,0,0,1,0,0,0,0,1,0.0,0.14285714285714285,0.19908747387039716
C1,0,0,0,1,1,0,0,1,0,0,0,0,1,0.5,0.5714285714285714,0.16592297797073485
C1,0,0,0,1,0,0,0,0,1,0,0,0,1,0.5,0.42857142857142855,0.3246201157742402
C1,0,1,0,0,0,1,0,0,1,0,0,0,1,0.6666666666666666,0.2857142857142857,0.32876065283807687
C1,0,1,0,0,0,0,0,0,1,0,0,0,1,0.5,0.2857142857142857,0.30192756070107735
C3,1,1,0,0,0,0,1,0,1,0,0,0,1,0.8333333333333333,0.8571428571428571,0.6047797073484483
C2,0,1,1,1,1,1,0,1,1,0,0,0,1,0.5,0.7142857142857142,0.08117261617623411
C1,0,0,0,1,0,0,0,1,1,0,0,0,1,0.5,0.2857142857142857,0.10503095352950635
C1,0,0,0,1,0,0,0,1,1,0,0,0,1,0.3333333333333333,0.2857142857142857,0.11629683228814922
C2,0,0,0,0,0,0,1,1,1,0,0,0,1,0.0,1.0,0.15288832609744332
C3,0,0,0,0,0,0,1,1,1,0,0,0,1,0.8333333333333333,1.0,0.15191349091493808
C3,0,0,0,0,0,0,1,1,1,0,0,0,1,1.0,0.8571428571428571,0.8570610226724553
C2,0,0,0,0,0,0,1,1,1,0,0,0,1,0.0,0.8571428571428571,0.8570610226724553
C2,0,0,0,0,1,0,0,1,1,0,0,0,1,0.0,0.8571428571428571,0.5326921530792732
C3,0,0,0,0,0,0,1,1,1,0,0,0,1,0.8333333333333333,1.0,0.8570610226724553
C3,0,0,1,1,1,1,0,1,1,0,0,0,1,1.0,0.7142857142857142,0.8570710725196977
C1,0,0,0,1,0,0,0,0,0,1,0,0,1,0.5,0.42857142857142855,0.2950233156456022
C1,0,0,1,0,0,1,0,1,0,1,0,0,1,0.5,0.2857142857142857,0.0787305032963499
C1,0,0,0,1,0,0,0,1,0,1,0,0,1,0.8333333333333333,0.42857142857142855,0.15116980221900628
C1,0,1,1,0,0,0,0,1,0,1,0,0,1,1.0,0.7142857142857142,0.1528280270139894
C1,0,1,1,1,1,1,0,1,0,1,0,0,1,0.5,0.14285714285714285,0.5538671812188455
C4,0,0,1,0,1,1,0,0,1,1,0,0,1,0.8333333333333333,0.5714285714285714,0.0854337514069786
C2,0,0,1,0,0,1,0,0,0,0,1,0,1,0.5,0.42857142857142855,0.02920485608618749
C3,0,0,0,1,0,0,1,0,0,0,1,0,1,1.0,0.8571428571428571,0.15313957227850136
C3,0,1,0,0,0,0,1,0,0,0,1,0,1,1.0,1.0,0.8570610226724553
C3,0,1,0,0,0,0,1,0,0,0,1,0,1,1.0,1.0,0.8570610226724553
C2,0,0,0,1,0,0,0,1,0,0,1,0,1,0.0,0.7142857142857142,0.1318338961247789
C3,0,0,0,1,0,0,0,1,0,0,1,0,1,0.3333333333333333,0.7142857142857142,0.33470011255828913
C5,0,0,0,1,0,0,0,1,0,0,1,0,1,1.0,0.7142857142857142,0.7558088117060621
C3,0,0,0,1,0,0,0,1,0,0,1,0,1,0.3333333333333333,1.0,0.15195369030390737
C5,0,0,0,1,0,0,0,1,0,0,1,0,1,0.6666666666666666,0.8571428571428571,0.9619914777295385
C2,0,0,0,1,1,0,0,1,0,0,1,0,1,0.16666666666666666,0.8571428571428571,0.5026330599774883
C3,1,0,0,1,0,0,0,1,0,0,1,0,1,0.3333333333333333,1.0,0.15195369030390737
C3,0,0,0,1,0,0,0,1,0,0,1,0,1,0.6666666666666666,0.8571428571428571,0.4342438494934877
C3,0,0,0,1,0,0,0,1,0,0,1,0,1,0.5,0.7142857142857142,0.152878276250201
C3,0,0,0,1,0,0,0,1,0,0,1,0,1,0.8333333333333333,0.7142857142857142,0.07764511979417912
C3,0,0,0,1,0,0,0,1,0,0,1,0,1,1.0,0.42857142857142855,0.33306198745779064
C2,0,0,0,0,1,0,0,1,0,0,1,0,1,0.16666666666666666,0.7142857142857142,0.5381291204373694
C1,0,0,1,1,0,1,0,1,0,0,1,0,1,0.0,0.2857142857142857,0.6037345232352468
C3,0,0,0,1,0,0,1,1,0,0,1,0,1,0.3333333333333333,1.0,0.15286822640295866
C3,0,0,0,0,0,0,1,1,0,0,1,0,1,1.0,1.0,0.8570610226724553
C2,0,0,0,1,1,0,0,1,0,0,1,0,1,0.0,0.7142857142857142,0.9261336227689339
C1,0,1,1,0,0,0,0,0,1,0,1,0,1,0.8333333333333333,0.8571428571428571,0.9790561183470011
C3,0,0,0,1,0,0,0,0,1,0,1,0,1,0.5,0.8571428571428571,0.27542611352307445
C3,0,0,1,1,0,0,0,0,1,0,1,0,1,0.6666666666666666,0.7142857142857142,0.46461448785978454
C1,1,0,0,0,0,0,0,1,1,0,1,0,1,1.0,0.42857142857142855,0.9861513105000804
C3,0,0,0,1,0,0,0,1,1,0,1,0,1,0.5,0.7142857142857142,0.07640898858337353
C3,0,0,0,1,0,0,0,1,1,0,1,0,1,0.8333333333333333,0.42857142857142855,0.08860950313555234
C2,0,0,0,1,0,1,0,1,1,0,1,0,1,0.16666666666666666,0.42857142857142855,0.08115251648174948
C3,0,0,0,1,0,0,0,1,1,0,1,0,1,0.8333333333333333,0.5714285714285714,0.301605965589323
C3,0,0,0,1,1,1,0,1,1,0,1,0,1,0.5,0.8571428571428571,0.6254421932786621
C5,0,0,0,1,0,0,0,1,1,0,1,0,1,0.8333333333333333,0.5714285714285714,0.9236915098890497
C4,0,0,0,0,1,0,0,1,1,0,1,0,1,0.5,0.2857142857142857,0.32985608618748996
C4,0,0,0,0,1,0,0,1,1,0,1,0,1,0.5,0.2857142857142857,0.11760331242965107
C3,0,0,0,1,0,0,0,1,1,0,1,0,1,0.5,0.7142857142857142,0.152878276250201
C2,0,0,0,1,1,0,0,1,1,0,1,0,1,0.0,0.8571428571428571,0.15288832609744332
C2,0,0,0,1,1,1,0,1,1,0,1,0,1,0.0,0.8571428571428571,0.16185278983759446
C5,0,0,0,1,0,0,0,1,1,0,1,0,1,0.5,0.7142857142857142,0.9586247789033606
C3,0,0,1,1,1,0,0,1,1,0,1,0,1,0.8333333333333333,0.42857142857142855,0.29602830036983435
C3,0,0,0,0,0,0,1,1,1,0,1,0,1,0.8333333333333333,0.8571428571428571,0.15296872487538188
C2,1,0,0,0,0,0,1,1,1,0,1,0,1,0.0,1.0,0.1571997105643994
C2,0,0,0,0,0,0,1,1,1,0,1,0,1,0.0,1.0,0.15089845634346358
C3,0,0,0,0,0,0,1,1,1,0,1,0,1,0.5,0.8571428571428571,0.15290842579192795
C3,0,0,0,0,0,0,1,1,1,0,1,0,1,0.8333333333333333,0.8571428571428571,0.15312952243125905
C3,0,0,0,1,0,0,1,1,1,0,1,0,1,0.5,1.0,0.15286822640295866
C3,1,0,0,0,0,0,1,1,1,0,1,0,1,0.8333333333333333,0.8571428571428571,0.16683751406978614
C3,0,0,0,0,0,0,1,1,1,0,1,0,1,0.8333333333333333,1.0,0.8570610226724553
C3,1,1,0,1,0,0,1,1,1,0,1,0,1,0.6666666666666666,1.0,0.8570610226724553
C3,0,0,0,0,0,0,1,1,1,0,1,0,1,1.0,1.0,0.8570610226724553
C3,0,0,0,0,0,0,1,1,1,0,1,0,1,1.0,1.0,0.8570610226724553
C3,0,0,0,0,0,0,1,1,1,0,1,0,1,1.0,0.8571428571428571,0.8570610226724553
C3,0,0,0,0,0,0,1,1,1,0,1,0,1,1.0,1.0,0.8570610226724553
C5,0,0,0,1,0,0,0,1,1,0,1,0,1,0.6666666666666666,0.2857142857142857,0.607925309535295
C5,0,0,0,1,0,1,0,1,1,0,1,0,1,0.6666666666666666,0.5714285714285714,0.6031214825534652
C3,0,0,0,0,0,0,1,1,1,0,1,0,1,1.0,1.0,0.8570610226724553
C3,0,0,0,0,0,0,1,1,1,0,1,0,1,1.0,1.0,0.8570610226724553
C3,0,0,0,0,0,0,1,1,1,0,1,0,1,1.0,1.0,0.8570610226724553
C1,1,0,0,0,0,0,0,0,0,1,1,0,1,0.8333333333333333,0.42857142857142855,0.12266843543978131
C2,0,0,1,0,0,1,0,0,0,1,1,0,1,0.6666666666666666,0.7142857142857142,0.08245899662325132
C1,0,0,0,1,1,0,0,1,0,1,1,0,1,0.6666666666666666,0.7142857142857142,0.8570710725196977
C3,0,0,0,0,0,0,1,0,1,1,1,0,1,0.6666666666666666,0.8571428571428571,0.15296872487538188
C4,0,1,1,0,0,1,0,1,1,1,1,0,1,0.0,0.5714285714285714,0.08582569544942917
C3,0,0,0,1,0,0,0,1,1,1,1,0,1,0.6666666666666666,0.7142857142857142,0.08860950313555234
C5,0,0,1,0,0,1,0,1,1,1,1,0,1,0.0,0.5714285714285714,0.8132135391542048
C4,0,0,0,0,1,0,0,1,1,1,1,0,1,0.5,0.42857142857142855,0.07669038430615854
C4,0,0,1,0,0,1,0,1,1,1,1,0,1,0.16666666666666666,0.14285714285714285,0.15075775848207107
C2,0,0,0,1,1,0,0,1,1,1,1,0,1,0.0,0.7142857142857142,0.1850277375783888
C4,0,0,1,0,0,1,0,1,1,1,1,0,1,0.16666666666666666,0.42857142857142855,0.15297877472262422
C4,0,0,1,1,0,0,0,1,1,1,1,0,1,0.5,0.5714285714285714,0.08926274320630326
C4,0,0,1,1,0,0,0,1,1,1,1,0,1,0.16666666666666666,0.42857142857142855,0.1966252612960283
C2,0,0,0,1,0,0,0,1,1,1,1,0,1,0.0,0.7142857142857142,0.6046892587232674
C1,0,0,1,0,0,0,0,1,1,1,1,0,1,1.0,0.2857142857142857,0.353865171249397
C1,0,0,1,1,0,0,0,0,0,0,0,1,1,0.8333333333333333,0.2857142857142857,0.3362477890336067
C3,0,0,0,1,1,1,0,0,0,0,0,1,1,1.0,0.5714285714285714,0.9505346518732916
C3,1,0,0,1,1,1,0,0,0,0,0,1,1,0.5,0.8571428571428571,0.5330036983437851
C5,0,0,0,1,0,0,0,0,0,0,0,1,1,0.5,0.8571428571428571,0.8482171570992121
C1,0,0,0,1,0,0,0,0,0,0,0,1,1,0.8333333333333333,0.42857142857142855,0.1531094227367744
C1,0,0,1,0,0,0,0,0,0,0,0,1,1,1.0,0.8571428571428571,0.43436444766039556
C3,0,0,0,1,0,0,0,1,0,0,0,1,1,1.0,0.8571428571428571,0.08794621321755909
C3,1,0,0,1,0,0,0,1,0,0,0,1,1,1.0,0.7142857142857142,0.6637622608136357
C2,0,0,0,1,1,1,0,1,0,0,0,1,1,0.0,0.5714285714285714,0.9276109503135552
C1,0,0,1,0,0,0,0,1,0,0,0,1,1,0.6666666666666666,0.5714285714285714,0.20848408104196817
C1,0,0,0,0,1,0,0,1,0,0,0,1,1,0.6666666666666666,0.5714285714285714,0.1915802379803827
C4,1,1,0,0,0,0,0,1,0,0,0,1,1,0.6666666666666666,0.42857142857142855,0.1125683389612478
C2,0,0,0,0,0,0,1,1,0,0,0,1,1,0.5,0.8571428571428571,0.15299887441710885
C2,0,0,0,0,0,0,1,1,0,0,0,1,1,0.0,0.8571428571428571,0.15316972182022834
C3,1,0,0,1,0,1,1,1,0,0,0,1,1,1.0,0.8571428571428571,0.6092016401350699
C3,0,1,0,1,1,1,0,1,0,0,0,1,1,0.6666666666666666,0.5714285714285714,0.6042571152918476
C4,1,0,1,1,1,1,0,1,0,0,0,1,1,0.6666666666666666,0.5714285714285714,0.16776210001607975
C5,0,1,0,0,0,0,0,0,1,0,0,1,1,0.6666666666666666,0.8571428571428571,0.9182243929892265
C4,0,0,0,1,1,1,0,0,1,0,0,1,1,0.5,0.2857142857142857,0.11429691268692715
C5,0,0,0,1,0,0,0,0,1,0,0,1,1,0.6666666666666666,0.8571428571428571,0.8041485769416304
C5,0,0,0,1,0,0,0,1,1,0,0,1,1,0.5,0.42857142857142855,0.837162325132658
C3,0,0,0,1,0,0,0,1,1,0,0,1,1,0.6666666666666666,0.8571428571428571,0.08128316449589966
C4,0,0,1,0,0,1,0,1,1,0,0,1,1,0.5,0.8571428571428571,0.08123291525968805
C4,1,0,1,1,1,1,0,1,1,0,0,1,1,0.6666666666666666,0.8571428571428571,0.03119472584016723
C1,0,0,0,1,0,0,0,1,1,0,0,1,1,0.8333333333333333,0.42857142857142855,0.11160355362598488
C4,0,1,0,0,0,0,0,1,1,0,0,1,1,0.6666666666666666,0.42857142857142855,0.10754341534008682
C4,1,1,0,0,0,0,0,1,1,0,0,1,1,0.6666666666666666,0.42857142857142855,0.4842317896767969
C5,0,0,0,1,0,0,0,1,1,0,0,1,1,0.5,0.2857142857142857,0.9557505225920566
C5,0,0,0,1,0,0,0,1,1,0,0,1,1,0.5,0.7142857142857142,0.7615070750924586
C3,0,0,0,1,1,1,0,1,1,0,0,1,1,1.0,0.7142857142857142,0.13919038430615854
C3,0,0,0,1,1,1,0,1,1,0,0,1,1,1.0,0.7142857142857142,0.13919038430615854
C3,0,0,0,1,0,0,1,1,1,0,0,1,1,0.8333333333333333,0.8571428571428571,0.17816369191188294
C3,0,0,0,0,0,0,1,1,1,0,0,1,1,0.8333333333333333,0.8571428571428571,0.8570610226724553
C2,0,0,0,1,0,0,0,1,1,0,0,1,1,0.0,0.8571428571428571,0.5474754783727287
C5,1,0,1,1,0,0,1,1,1,0,0,1,1,0.0,0.7142857142857142,0.9261336227689339
C2,0,0,0,1,0,0,0,1,1,0,0,1,1,0.0,1.0,0.5558872005145522
C4,0,0,1,1,1,1,1,1,1,0,0,1,1,0.6666666666666666,0.2857142857142857,0.5538772310660878
C1,0,0,0,1,0,0,0,0,0,1,0,1,1,0.5,0.2857142857142857,0.10088036661842739
C2,0,1,1,1,1,1,0,1,0,1,0,1,1,0.0,0.7142857142857142,0.8550711529184756
C1,1,0,0,0,0,0,0,1,0,1,0,1,1,0.6666666666666666,0.2857142857142857,0.1128999839202444
C1,0,0,1,0,0,0,0,1,0,1,0,1,1,0.8333333333333333,0.42857142857142855,0.5561886959318219
C1,0,1,1,0,0,0,0,1,0,1,0,1,1,0.6666666666666666,0.42857142857142855,0.08920244412284933
C1,1,0,0,0,0,0,0,1,0,1,0,1,1,1.0,0.5714285714285714,0.9458614729056118
C4,0,0,1,0,0,1,0,0,1,1,0,1,1,1.0,0.8571428571428571,0.07800691429490271
C4,0,0,0,0,0,1,0,1,1,1,0,1,1,0.6666666666666666,0.7142857142857142,0.08777536581443962
C5,0,1,0,0,0,0,0,1,1,1,0,1,1,0.0,0.2857142857142857,0.9499015114970252
C4,0,0,0,1,1,0,0,1,1,1,0,1,1,0.16666666666666666,0.42857142857142855,0.0860266923942756
C4,0,0,0,0,0,1,0,1,1,1,0,1,1,1.0,0.0,0.08802661199549766
C3,0,0,0,0,0,0,1,1,1,1,0,1,1,1.0,1.0,0.8570610226724553
C4,0,0,0,1,0,0,0,1,1,1,0,1,1,1.0,0.14285714285714285,0.6049204052098408
C5,1,0,1,1,1,1,0,1,1,1,0,1,1,0.0,0.14285714285714285,0.8041586267888728
C3,0,0,0,1,1,0,0,0,0,0,1,1,1,1.0,0.8571428571428571,0.17097805113362277
C2,0,0,0,0,0,1,0,0,0,0,1,1,1,0.3333333333333333,0.8571428571428571,0.1338941148094549
C2,0,0,0,1,0,0,0,0,0,0,1,1,1,0.0,0.5714285714285714,0.6095935841775205
C2,0,0,0,1,0,0,1,0,0,0,1,1,1,0.0,0.8571428571428571,0.5095473548802059
C2,0,0,0,1,0,0,0,1,0,0,1,1,1,0.5,0.7142857142857142,0.08794621321755909
C5,0,0,0,1,0,0,0,1,0,0,1,1,1,0.5,0.8571428571428571,0.9299324650265316
C2,0,0,0,0,0,1,0,1,0,0,1,1,1,0.5,0.7142857142857142,0.1712694967036501
C2,0,0,0,1,1,1,0,1,0,0,1,1,1,0.5,0.8571428571428571,0.47957871040360184
C2,0,0,0,1,1,1,0,1,0,0,1,1,1,0.0,0.7142857142857142,0.533968483679048
C5,0,0,0,1,0,0,0,1,0,0,1,1,1,0.5,0.8571428571428571,0.357704212895964
C5,0,1,0,1,0,0,0,1,0,0,1,1,1,1.0,0.8571428571428571,0.7914556198745779
C5,0,0,0,1,0,0,0,1,0,0,1,1,1,0.8333333333333333,1.0,0.8064700916546068
C2,0,0,0,1,1,0,0,1,0,0,1,1,1,0.16666666666666666,0.7142857142857142,0.152878276250201
C5,0,0,1,1,0,0,0,1,0,0,1,1,1,0.16666666666666666,0.5714285714285714,0.6552600900466313
C2,0,0,0,0,0,1,0,1,0,0,1,1,1,0.0,0.5714285714285714,0.08375542691751085
C2,0,1,0,1,0,0,0,1,0,0,1,1,1,0.3333333333333333,0.8571428571428571,0.0705298279466152
C2,0,1,0,1,0,0,0,1,0,0,1,1,1,0.16666666666666666,0.5714285714285714,0.0705298279466152
C2,0,0,0,1,0,0,0,1,0,0,1,1,1,0.5,0.42857142857142855,0.08926274320630326
C2,0,0,0,1,1,1,0,1,0,0,1,1,1,0.0,0.5714285714285714,0.1690685801575816
C5,0,0,0,1,0,0,0,1,0,0,1,1,1,0.6666666666666666,0.7142857142857142,0.8545184113201479
C3,0,0,0,0,0,0,1,1,0,0,1,1,1,0.6666666666666666,0.8571428571428571,0.15218483679048078
C3,0,0,0,0,0,0,1,1,0,0,1,1,1,0.6666666666666666,0.8571428571428571,0.15292852548641261
C3,0,0,0,1,1,1,1,1,0,0,1,1,1,0.8333333333333333,0.8571428571428571,0.15280792731950474
C3,0,0,0,0,0,0,1,1,0,0,1,1,1,0.6666666666666666,0.8571428571428571,0.15281797716674705
C2,0,0,1,0,0,0,0,1,0,0,1,1,1,0.5,1.0,0.15292852548641261
C3,0,0,0,0,0,0,1,1,0,0,1,1,1,0.6666666666666666,0.8571428571428571,0.15295867502813956
C3,1,0,0,1,0,0,1,1,0,0,1,1,1,1.0,0.5714285714285714,0.5027235086026692
C3,0,0,0,1,0,0,1,1,0,0,1,1,1,0.8333333333333333,0.8571428571428571,0.6047797073484483
C1,0,0,0,0,1,1,0,1,0,0,1,1,1,0.3333333333333333,0.2857142857142857,0.603553625984885
C5,0,0,0,1,0,0,0,1,0,0,1,1,1,0.0,0.8571428571428571,0.613854719408265
C1,0,0,0,0,0,1,0,1,0,0,1,1,1,0.3333333333333333,0.2857142857142857,0.6031516320951922
C5,0,0,0,1,0,0,0,1,0,0,1,1,1,0.6666666666666666,0.8571428571428571,0.6040159189580319
C3,0,0,0,1,1,0,1,1,0,0,1,1,1,0.6666666666666666,1.0,0.6092217398295546
C5,0,0,0,0,0,0,1,1,0,0,1,1,1,0.0,0.8571428571428571,0.8570610226724553
C5,0,0,0,1,0,0,0,1,0,0,1,1,1,0.16666666666666666,1.0,0.9405752532561504
C2,0,0,0,1,1,0,1,1,0,0,1,1,1,0.0,0.8571428571428571,0.15286822640295866
C1,1,1,0,0,0,0,0,1,0,0,1,1,1,0.6666666666666666,0.2857142857142857,0.9568158063997427
C3,0,0,0,0,0,0,1,1,0,0,1,1,1,0.6666666666666666,0.8571428571428571,0.5558872005145522
C2,0,0,0,1,1,0,0,0,1,0,1,1,1,0.0,0.5714285714285714,0.15301897411159351
C3,0,1,0,1,0,0,0,0,1,0,1,1,1,0.6666666666666666,0.8571428571428571,0.43337956263064803
C2,0,0,0,1,0,1,0,1,1,0,1,1,1,0.0,0.7142857142857142,0.333041887763306
C2,0,0,0,1,0,0,0,1,1,0,1,1,1,0.0,0.8571428571428571,0.5338679852066248
C5,0,0,0,0,0,1,0,1,1,0,1,1,1,0.0,0.7142857142857142,0.8945469528863161
C3,0,0,0,1,0,0,0,1,1,0,1,1,1,0.6666666666666666,1.0,0.15377271265476763
C2,0,0,0,1,1,1,0,1,1,0,1,1,1,0.0,0.8571428571428571,0.1716312912043737
C3,0,0,0,1,0,0,0,1,1,0,1,1,1,0.8333333333333333,0.8571428571428571,0.33881050008039876
C2,0,0,1,0,0,0,0,1,1,0,1,1,1,0.0,0.8571428571428571,0.07963498954815887
C2,0,0,0,1,0,0,0,1,1,0,1,1,1,0.16666666666666666,0.8571428571428571,0.08875020099694485
C3,1,1,0,1,0,0,0,1,1,0,1,1,1,0.6666666666666666,0.8571428571428571,0.08094146968966072
C2,0,0,0,1,0,0,0,1,1,0,1,1,1,0.16666666666666666,0.8571428571428571,0.08875020099694485
C5,1,1,0,1,0,0,0,1,1,0,1,1,1,0.8333333333333333,0.7142857142857142,0.9885029747547837
C2,0,0,0,1,1,1,0,1,1,0,1,1,1,0.3333333333333333,0.7142857142857142,0.9279526451197941
C5,0,1,0,0,0,0,0,1,1,0,1,1,1,0.0,0.8571428571428571,0.9126065283807686
C5,0,1,0,0,0,0,0,1,1,0,1,1,1,0.0,0.7142857142857142,0.9115814439620518
C5,1,1,1,1,0,1,0,1,1,0,1,1,1,0.0,0.42857142857142855,0.921671490593343
C5,1,1,1,0,0,1,0,1,1,0,1,1,1,0.0,0.42857142857142855,0.921671490593343
C5,0,1,0,0,0,0,0,1,1,0,1,1,1,0.0,0.8571428571428571,0.9256612799485447
C5,0,1,0,0,0,0,0,1,1,0,1,1,1,1.0,0.8571428571428571,0.9392084740311947
C4,0,1,0,0,0,0,0,1,1,0,1,1,1,0.5,0.7142857142857142,0.07070067534973468
C4,0,0,0,0,1,0,0,1,1,0,1,1,1,1.0,0.5714285714285714,0.07507235890014471
C2,0,0,0,1,0,1,0,1,1,0,1,1,1,0.16666666666666666,0.5714285714285714,0.9326861231709278
C2,0,0,0,1,1,0,0,1,1,0,1,1,1,0.0,0.5714285714285714,0.020481588679852065
C5,0,0,0,0,0,1,0,1,1,0,1,1,1,0.0,0.7142857142857142,0.7046651390898858
C4,0,1,0,1,1,1,0,1,1,0,1,1,1,1.0,0.2857142857142857,0.44476603955619876
C2,0,0,0,1,0,0,0,1,1,0,1,1,1,0.0,0.7142857142857142,0.1810781476121563
C5,0,0,0,1,0,0,0,1,1,0,1,1,1,0.6666666666666666,0.5714285714285714,0.5423701559736291
C4,0,0,1,1,1,1,0,1,1,0,1,1,1,0.0,0.5714285714285714,0.12240713941148094
C5,0,0,0,1,0,0,0,1,1,0,1,1,1,0.6666666666666666,0.7142857142857142,0.9907139411480945
C2,0,0,0,1,1,1,0,1,1,0,1,1,1,0.16666666666666666,0.7142857142857142,0.389642627432063
C2,0,0,0,1,0,0,0,1,1,0,1,1,1,0.0,0.7142857142857142,0.07750442193278662
C4,0,0,0,0,1,0,0,1,1,0,1,1,1,0.5,0.42857142857142855,0.3829594790159189
C3,0,0,0,1,0,1,0,1,1,0,1,1,1,1.0,0.7142857142857142,0.0
C2,0,0,0,1,1,1,0,1,1,0,1,1,1,0.0,1.0,0.10365412445730825
C3,0,0,0,1,0,0,0,1,1,0,1,1,1,0.5,0.8571428571428571,0.15211448785978454
C2,0,0,0,1,0,0,0,1,1,0,1,1,1,0.0,0.8571428571428571,0.15281797716674705
C3,0,0,0,1,1,0,0,1,1,0,1,1,1,0.6666666666666666,0.8571428571428571,0.533375542691751
C2,0,0,0,1,0,0,0,1,1,0,1,1,1,0.0,0.8571428571428571,0.15984282038913009
C3,0,0,0,1,1,0,0,1,1,0,1,1,1,0.6666666666666666,0.7142857142857142,0.2134989548158868
C2,0,0,0,1,0,0,0,1,1,0,1,1,1,0.16666666666666666,0.42857142857142855,0.19210283003698345
C3,1,0,0,1,0,0,0,1,1,0,1,1,1,0.6666666666666666,1.0,0.15377271265476763
C3,0,0,0,1,1,1,0,1,1,0,1,1,1,0.6666666666666666,0.8571428571428571,0.8616437530149541
C2,0,0,0,1,0,0,0,1,1,0,1,1,1,0.3333333333333333,0.7142857142857142,0.5346719729860107
C3,0,0,0,1,1,0,0,1,1,0,1,1,1,1.0,1.0,0.23300570831323364
C5,0,0,0,1,0,0,0,1,1,0,1,1,1,0.6666666666666666,0.7142857142857142,0.8545184113201479
C3,1,0,0,1,0,0,0,1,1,0,1,1,1,0.3333333333333333,1.0,0.15281797716674705
C2,0,0,0,1,0,0,0,1,1,0,1,1,1,0.3333333333333333,0.5714285714285714,0.16146084579514391
C2,0,0,0,1,0,0,0,1,1,0,1,1,1,0.16666666666666666,0.8571428571428571,0.16306882135391543
C4,0,1,1,1,1,1,0,1,1,0,1,1,1,1.0,0.5714285714285714,0.16717920887602508
C5,0,0,0,1,0,0,0,1,1,0,1,1,1,0.8333333333333333,1.0,0.6733598649300531
C2,0,0,0,1,0,0,0,1,1,0,1,1,1,0.16666666666666666,0.7142857142857142,0.389642627432063
C2,0,0,0,1,0,0,0,1,1,0,1,1,1,0.0,1.0,0.2817072680495256
C2,0,0,0,1,1,1,0,1,1,0,1,1,1,0.16666666666666666,0.5714285714285714,0.15285817655571635
C2,0,0,0,1,0,0,0,1,1,0,1,1,1,0.5,0.8571428571428571,0.47957871040360184
C2,0,0,1,0,0,0,0,1,1,0,1,1,1,0.16666666666666666,0.5714285714285714,0.1531094227367744
C3,0,0,0,1,0,0,0,1,1,0,1,1,1,0.5,0.8571428571428571,0.15211448785978454
C2,0,0,0,1,0,1,0,1,1,0,1,1,1,0.5,0.42857142857142855,0.16509889049686444
C3,0,1,0,1,1,1,0,1,1,0,1,1,1,1.0,0.8571428571428571,0.22419199228171732
C3,0,0,0,1,1,1,0,1,1,0,1,1,1,1.0,0.5714285714285714,0.2344126869271587
C2,0,0,0,1,0,0,0,1,1,0,1,1,1,0.16666666666666666,0.7142857142857142,0.15290842579192795
C3,0,0,0,1,0,0,0,1,1,0,1,1,1,0.3333333333333333,1.0,0.15281797716674705
C5,0,0,0,1,0,0,0,1,1,0,1,1,1,1.0,0.7142857142857142,0.6074931661038752
C4,1,0,1,0,0,1,0,1,1,0,1,1,1,0.16666666666666666,0.2857142857142857,0.15744090689821513
C3,0,0,0,1,0,0,0,1,1,0,1,1,1,1.0,0.7142857142857142,0.15176274320630326
C2,0,0,0,1,0,0,0,1,1,0,1,1,1,0.16666666666666666,0.2857142857142857,0.1531094227367744
C2,0,0,0,1,0,0,0,1,1,0,1,1,1,0.5,0.7142857142857142,0.4473589001447178
C5,0,0,0,1,0,0,0,1,1,0,1,1,1,1.0,0.5714285714285714,0.3793616337031677
C3,0,0,0,1,1,0,0,1,1,0,1,1,1,1.0,1.0,0.23300570831323364
C2,0,0,0,1,0,0,0,1,1,0,1,1,1,0.0,0.5714285714285714,0.15276772793053545
C3,0,0,0,1,1,1,0,1,1,0,1,1,1,1.0,0.7142857142857142,0.1527878276250201
C2,0,0,0,1,1,1,0,1,1,0,1,1,1,0.0,1.0,0.10365412445730825
C2,0,0,0,1,0,0,0,1,1,0,1,1,1,0.5,0.42857142857142855,0.0705298279466152
C4,0,0,1,0,0,0,0,1,1,0,1,1,1,1.0,0.42857142857142855,0.08796631291204374
C3,0,0,0,1,0,0,0,1,1,0,1,1,1,1.0,0.7142857142857142,0.07959479015918958
C3,1,0,0,1,0,0,0,1,1,0,1,1,1,1.0,1.0,0.34856890175269334
C3,0,0,0,1,0,0,0,1,1,0,1,1,1,0.5,0.7142857142857142,0.21113724071394113
C3,0,0,0,1,0,0,0,1,1,0,1,1,1,0.8333333333333333,0.7142857142857142,0.1990070750924586
C3,0,0,0,1,1,1,0,1,1,0,1,1,1,0.8333333333333333,1.0,0.6201157742402316
C2,0,0,0,1,0,0,0,1,1,0,1,1,1,0.0,0.8571428571428571,0.0854337514069786
C3,0,0,0,1,0,0,0,1,1,0,1,1,1,0.5,0.7142857142857142,0.1923239266763145
C2,0,0,0,1,1,1,0,1,1,0,1,1,1,0.16666666666666666,0.7142857142857142,0.1915802379803827
C2,0,0,0,1,1,1,0,1,1,0,1,1,1,0.16666666666666666,0.8571428571428571,0.1815404405853031
C3,0,0,0,1,0,0,0,1,1,0,1,1,1,1.0,0.8571428571428571,0.08093141984241839
C2,0,0,0,1,1,1,0,1,1,0,1,1,1,0.16666666666666666,0.5714285714285714,0.8985367422415179
C2,0,0,0,0,1,1,1,1,1,0,1,1,1,0.0,1.0,0.33191630487216595
C2,0,0,0,1,1,1,0,1,1,0,1,1,1,0.0,0.7142857142857142,0.9623432223830197
C5,0,1,0,0,0,0,1,1,1,0,1,1,1,0.6666666666666666,0.5714285714285714,0.9729558610709117
C3,0,0,0,0,0,0,1,1,1,0,1,1,1,1.0,0.8571428571428571,0.1574610065926998
C2,0,1,0,0,0,0,1,1,1,0,1,1,1,0.0,0.8571428571428571,0.15312952243125905
C3,0,0,0,0,0,0,1,1,1,0,1,1,1,0.8333333333333333,1.0,0.15297877472262422
C3,0,0,0,0,0,0,1,1,1,0,1,1,1,0.8333333333333333,1.0,0.9863322077504422
C2,0,0,0,0,0,0,1,1,1,0,1,1,1,0.0,0.8571428571428571,0.16234523235246823
C3,0,0,0,0,0,0,1,1,1,0,1,1,1,0.6666666666666666,0.8571428571428571,0.15303907380607815
C3,0,0,0,0,0,0,1,1,1,0,1,1,1,0.5,0.8571428571428571,0.15318982151471297
C3,0,0,0,0,0,0,1,1,1,0,1,1,1,0.8333333333333333,0.8571428571428571,0.15183309213699953
C3,0,0,0,0,0,0,1,1,1,0,1,1,1,0.6666666666666666,0.8571428571428571,0.1571997105643994
C3,0,0,0,0,0,0,1,1,1,0,1,1,1,0.8333333333333333,0.8571428571428571,0.15276772793053545
C3,0,0,0,0,0,0,1,1,1,0,1,1,1,0.5,1.0,0.15302902395883583
C3,0,0,0,0,0,0,1,1,1,0,1,1,1,1.0,0.8571428571428571,0.15303907380607815
C3,0,0,0,0,0,0,1,1,1,0,1,1,1,0.8333333333333333,0.8571428571428571,0.15301897411159351
C2,0,0,0,0,0,0,1,1,1,0,1,1,1,0.0,0.8571428571428571,0.1513607493166104
C3,0,0,0,1,0,0,0,1,1,0,1,1,1,0.6666666666666666,0.8571428571428571,0.15281797716674705
C3,0,0,0,0,0,0,1,1,1,0,1,1,1,0.5,1.0,0.15318982151471297
C2,0,0,0,0,0,0,1,1,1,0,1,1,1,0.0,1.0,0.1649380929409873
C3,0,0,0,0,0,0,1,1,1,0,1,1,1,0.8333333333333333,0.8571428571428571,0.15218483679048078
C3,0,0,0,0,0,0,1,1,1,0,1,1,1,1.0,0.8571428571428571,0.16416425470332852
C3,0,0,0,0,0,0,1,1,1,0,1,1,1,0.5,0.8571428571428571,0.1514612477890336
C2,0,0,0,0,0,0,1,1,1,0,1,1,1,0.0,0.8571428571428571,0.16185278983759446
C2,0,0,0,0,0,0,1,1,1,0,1,1,1,0.0,0.8571428571428571,0.1511899019134909
C3,0,0,0,0,0,0,1,1,1,0,1,1,1,1.0,1.0,0.15318982151471297
C3,0,0,0,0,0,0,1,1,1,0,1,1,1,0.6666666666666666,1.0,0.15316972182022834
C2,0,0,0,1,1,0,0,1,1,0,1,1,1,0.0,0.7142857142857142,0.15690826499437208
C5,0,0,1,1,0,0,0,1,1,0,1,1,1,0.3333333333333333,0.7142857142857142,0.7822097604116417
C3,0,0,0,1,0,0,0,1,1,0,1,1,1,1.0,1.0,0.15318982151471297
C3,0,0,0,0,0,0,1,1,1,0,1,1,1,0.5,0.8571428571428571,0.15377271265476763
C2,0,0,0,0,0,0,1,1,1,0,1,1,1,0.0,0.8571428571428571,0.15177279305354557
C3,0,0,0,0,0,0,1,1,1,0,1,1,1,0.8333333333333333,1.0,0.07498191027496381
C3,0,0,0,0,0,0,1,1,1,0,1,1,1,1.0,1.0,0.8570610226724553
C5,1,0,0,0,0,0,1,1,1,0,1,1,1,0.0,1.0,0.8570610226724553
C3,0,0,0,0,0,0,1,1,1,0,1,1,1,0.6666666666666666,0.8571428571428571,0.4978091333011738
C3,0,0,0,0,0,0,1,1,1,0,1,1,1,0.6666666666666666,1.0,0.8570610226724553
C3,0,0,0,0,0,0,1,1,1,0,1,1,1,1.0,1.0,0.8570610226724553
C5,0,1,0,1,0,0,0,1,1,0,1,1,1,0.0,0.8571428571428571,0.8570610226724553
C5,0,0,0,1,0,0,0,1,1,0,1,1,1,0.8333333333333333,0.42857142857142855,0.46573002090368226
C3,0,0,0,0,0,0,1,1,1,0,1,1,1,1.0,1.0,0.6030913330117382
C2,0,0,0,1,0,0,0,1,1,0,1,1,1,0.0,0.8571428571428571,0.6110809615693842
C3,0,0,0,0,0,0,1,1,1,0,1,1,1,0.8333333333333333,0.8571428571428571,0.6092016401350699
C3,0,0,0,1,0,0,0,1,1,0,1,1,1,0.6666666666666666,0.7142857142857142,0.151410998552822
C3,0,0,0,1,1,1,0,1,1,0,1,1,1,0.6666666666666666,0.7142857142857142,0.46341855603794824
C4,0,0,1,1,1,1,0,1,1,0,1,1,1,0.5,0.42857142857142855,0.3540159189580318
C3,0,0,0,0,0,0,1,1,1,0,1,1,1,0.5,0.8571428571428571,0.8580660073966876
C3,0,0,0,0,0,0,1,1,1,0,1,1,1,0.8333333333333333,0.8571428571428571,0.8570610226724553
C5,0,1,0,0,0,0,0,1,1,0,1,1,1,1.0,1.0,0.8571313716031517
C5,0,0,0,0,0,0,1,1,1,0,1,1,1,0.0,1.0,0.8570610226724553
C5,0,1,0,0,0,0,0,1,1,0,1,1,1,1.0,1.0,0.8571313716031517
C3,1,0,0,0,0,0,1,1,1,0,1,1,1,1.0,1.0,0.8570610226724553
C3,0,0,0,0,0,0,1,1,1,0,1,1,1,1.0,1.0,0.8570610226724553
C5,0,0,0,1,0,0,0,1,1,0,1,1,1,1.0,1.0,0.8570610226724553
C3,0,0,0,1,0,0,0,1,1,0,1,1,1,0.6666666666666666,0.5714285714285714,0.27240110950313556
C2,0,0,0,1,0,0,0,1,1,0,1,1,1,0.0,0.5714285714285714,0.282842900787908
C4,0,1,1,1,1,1,0,1,1,0,1,1,1,1.0,0.5714285714285714,0.301605965589323
C2,0,0,0,1,0,0,0,1,1,0,1,1,1,0.3333333333333333,0.7142857142857142,0.4568459559414697
C4,1,1,1,1,1,0,1,1,1,0,1,1,1,0.8333333333333333,0.8571428571428571,0.006261054831966554
C2,0,0,0,1,1,0,0,1,1,0,1,1,1,0.0,0.7142857142857142,0.389642627432063
C3,0,0,0,1,1,1,0,1,1,0,1,1,1,0.6666666666666666,0.8571428571428571,0.44276611995497667
C5,1,0,0,1,1,0,0,1,1,0,1,1,1,0.8333333333333333,0.7142857142857142,0.8617241517928927
C2,0,0,0,1,0,1,0,1,1,0,1,1,1,0.0,0.5714285714285714,0.3381472101624055
C3,1,1,0,0,0,0,0,1,1,0,1,1,1,0.5,0.8571428571428571,0.2794963016562148
C5,0,0,0,1,0,0,0,1,1,0,1,1,1,0.16666666666666666,0.42857142857142855,0.8578047113683872
C3,1,0,0,0,0,0,1,1,1,0,1,1,1,0.6666666666666666,1.0,0.3721156938414536
C3,1,0,0,0,0,0,1,1,1,0,1,1,1,0.6666666666666666,1.0,0.3721156938414536
C3,0,0,0,0,0,0,1,1,1,0,1,1,1,0.6666666666666666,1.0,0.15316972182022834
C5,0,0,0,1,0,0,0,1,1,0,1,1,1,0.8333333333333333,0.7142857142857142,0.6368387200514553
C3,0,0,0,1,0,0,1,1,1,0,1,1,1,0.6666666666666666,0.8571428571428571,0.5558872005145522
C5,0,0,0,1,0,0,0,1,1,0,1,1,1,1.0,0.5714285714285714,0.7839785335262904
C3,0,0,0,1,1,1,0,1,1,0,1,1,1,1.0,0.7142857142857142,0.2766421450393954
C2,0,0,0,1,0,1,0,0,0,1,1,1,1,0.5,0.42857142857142855,0.4759406657018813
C4,0,0,0,1,0,0,0,0,0,1,1,1,1,0.8333333333333333,0.0,0.6047294581122367
C5,0,0,0,1,0,0,0,1,0,1,1,1,1,1.0,0.5714285714285714,0.923731709278019
C2,0,0,1,1,0,0,0,1,0,1,1,1,1,0.16666666666666666,0.8571428571428571,0.22211167390255668
C2,0,0,0,1,0,0,0,1,0,1,1,1,1,0.0,0.7142857142857142,0.08091132014793374
C4,0,1,0,0,0,0,0,1,0,1,1,1,1,0.0,0.2857142857142857,0.20294661521144877
C2,0,0,0,1,0,0,0,1,0,1,1,1,1,0.0,0.7142857142857142,0.3230121402154687
C2,0,0,0,1,1,0,0,1,0,1,1,1,1,0.3333333333333333,0.7142857142857142,0.152878276250201
C2,0,0,0,1,0,1,0,1,0,1,1,1,1,0.0,0.42857142857142855,0.18596237337192476
C2,0,1,0,1,0,1,0,1,0,1,1,1,1,0.6666666666666666,0.7142857142857142,0.15311947258401673
C4,0,0,0,1,1,0,0,1,0,1,1,1,1,1.0,0.42857142857142855,0.017848528702363725
C2,0,1,0,1,1,1,0,1,0,1,1,1,1,0.3333333333333333,0.7142857142857142,0.08128316449589966
C3,0,0,1,1,1,1,1,1,0,1,1,1,1,1.0,1.0,0.1527878276250201
C5,0,1,0,1,0,0,1,1,0,1,1,1,1,1.0,1.0,0.8570610226724553
C5,0,0,0,1,0,0,0,1,0,1,1,1,1,0.3333333333333333,0.7142857142857142,0.6728975719569062
C4,0,0,0,1,1,0,0,1,0,1,1,1,1,0.3333333333333333,0.14285714285714285,0.023677440102910435
C1,0,0,1,0,0,1,0,1,0,1,1,1,1,0.0,0.14285714285714285,0.634336308088117
C5,0,0,0,1,0,0,0,1,0,1,1,1,1,0.5,0.7142857142857142,0.6110709117221418
C5,0,0,0,1,0,0,0,1,0,1,1,1,1,1.0,0.42857142857142855,0.6035234764431581
C5,0,0,0,1,0,0,0,1,0,1,1,1,1,1.0,0.5714285714285714,0.6081665058691108
C5,0,0,0,1,0,0,0,1,0,1,1,1,1,0.8333333333333333,0.8571428571428571,0.609171490593343
C2,0,0,1,0,0,1,0,0,1,1,1,1,1,0.0,0.7142857142857142,0.07999678404888245
C5,1,1,1,1,1,1,0,0,1,1,1,1,1,0.0,0.14285714285714285,0.9377009969448464
C4,0,0,0,1,0,0,0,0,1,1,1,1,1,0.5,0.2857142857142857,0.6031516320951922
C4,0,0,1,1,1,0,0,0,1,1,1,1,1,0.16666666666666666,0.42857142857142855,0.4417108859945329
C4,0,0,0,1,0,0,0,1,1,1,1,1,1,1.0,0.2857142857142857,0.15197378999839203
C4,0,0,0,1,0,0,0,1,1,1,1,1,1,0.6666666666666666,0.42857142857142855,0.15143109824730663
C4,0,0,1,0,0,1,0,1,1,1,1,1,1,0.16666666666666666,0.2857142857142857,0.15084820710725197
C4,0,0,0,1,0,0,0,1,1,1,1,1,1,0.8333333333333333,0.42857142857142855,0.2330358578549606
C4,0,0,0,1,0,0,0,1,1,1,1,1,1,1.0,0.7142857142857142,0.19707750442193278
C5,0,0,0,1,0,0,0,1,1,1,1,1,1,1.0,0.8571428571428571,0.7795968001286381
C5,1,0,1,1,0,0,0,1,1,1,1,1,1,0.6666666666666666,0.42857142857142855,0.9859402637079916
C5,0,1,0,0,0,0,0,1,1,1,1,1,1,0.3333333333333333,0.2857142857142857,0.930786702042129
C5,0,0,0,1,0,1,0,1,1,1,1,1,1,0.8333333333333333,0.8571428571428571,0.3387401511497025
C5,0,0,0,1,1,0,0,1,1,1,1,1,1,1.0,0.5714285714285714,0.9849352789837594
C5,0,0,0,1,1,1,0,1,1,1,1,1,1,0.16666666666666666,0.2857142857142857,0.6743547998070429
C4,1,0,0,1,0,0,0,1,1,1,1,1,1,0.8333333333333333,0.42857142857142855,0.15222503617945007
C4,0,0,0,0,0,1,0,1,1,1,1,1,1,0.8333333333333333,0.7142857142857142,0.08859945328831001
C4,0,0,1,0,0,0,0,1,1,1,1,1,1,1.0,0.5714285714285714,0.08884064962212575
C4,0,0,0,1,1,1,0,1,1,1,1,1,1,0.6666666666666666,0.8571428571428571,0.08734322238301978
C2,1,0,1,1,0,1,0,1,1,1,1,1,1,0.0,0.8571428571428571,0.0749718604277215
C4,0,0,0,1,0,0,0,1,1,1,1,1,1,0.0,0.2857142857142857,0.0894637401511497
C4,1,1,1,1,0,1,0,1,1,1,1,1,1,0.8333333333333333,0.5714285714285714,0.08933309213699951
C4,0,0,0,0,0,1,0,1,1,1,1,1,1,1.0,0.7142857142857142,0.20847403119472582
C2,0,0,1,0,1,1,0,1,1,1,1,1,1,0.0,0.5714285714285714,0.0787305032963499
C4,0,0,1,0,1,1,0,1,1,1,1,1,1,1.0,0.5714285714285714,0.0835946293616337
C4,0,1,0,0,0,0,0,1,1,1,1,1,1,0.5,0.42857142857142855,0.07037908023798038
C4,0,0,1,0,0,0,0,1,1,1,1,1,1,1.0,0.2857142857142857,0.08073042289757196
C4,1,1,1,1,1,1,0,1,1,1,1,1,1,0.0,0.5714285714285714,0.07481106287184434
C5,0,1,1,0,0,1,0,1,1,1,1,1,1,0.0,0.5714285714285714,0.9310881974593986
C4,0,0,0,1,0,0,0,1,1,1,1,1,1,1.0,0.5714285714285714,0.07343423379964624
C4,1,1,1,1,1,1,0,1,1,1,1,1,1,0.5,0.7142857142857142,0.15177279305354557
C5,0,0,0,1,0,0,0,1,1,1,1,1,1,0.0,0.42857142857142855,0.9279626949670365
C5,0,1,0,0,0,0,0,1,1,1,1,1,1,0.5,0.14285714285714285,0.9216312912043737
C5,0,1,0,0,0,0,0,1,1,1,1,1,1,1.0,0.7142857142857142,0.9246763949187972
C4,0,0,0,1,1,1,0,1,1,1,1,1,1,0.3333333333333333,0.7142857142857142,0.3387703006914295
C5,1,1,0,0,0,0,0,1,1,1,1,1,1,0.5,0.8571428571428571,0.9108277054188776
C5,0,1,0,0,0,0,0,1,1,1,1,1,1,1.0,0.5714285714285714,0.725649220131854
C5,1,1,0,0,0,0,0,1,1,1,1,1,1,0.5,0.7142857142857142,0.9869050490432545
C5,0,1,0,0,0,0,0,1,1,1,1,1,1,0.0,0.7142857142857142,0.9377411963338157
C5,0,1,0,0,0,0,0,1,1,1,1,1,1,0.5,0.5714285714285714,0.9125763788390416
C5,1,1,0,0,0,0,0,1,1,1,1,1,1,0.6666666666666666,0.7142857142857142,0.9182243929892265
C5,0,1,1,0,0,0,0,1,1,1,1,1,1,0.16666666666666666,0.5714285714285714,0.9279626949670365
C4,0,1,0,0,0,0,0,1,1,1,1,1,1,1.0,0.7142857142857142,0.1711790480784692
C5,0,1,0,0,0,0,0,1,1,1,1,1,1,0.8333333333333333,0.8571428571428571,0.9196012220614247
C4,0,0,1,0,0,1,0,1,1,1,1,1,1,0.6666666666666666,0.7142857142857142,0.07775566811384467
C5,0,1,0,0,0,0,0,1,1,1,1,1,1,0.6666666666666666,0.8571428571428571,0.9182243929892265
C4,0,0,0,1,0,0,0,1,1,1,1,1,1,0.5,0.14285714285714285,0.3029124457308249
C5,0,1,0,0,0,0,0,1,1,1,1,1,1,0.8333333333333333,0.5714285714285714,0.9116718925872327
C5,0,0,0,1,0,0,0,1,1,1,1,1,1,0.0,0.5714285714285714,0.9276109503135552
C5,0,1,0,0,0,0,0,1,1,1,1,1,1,0.8333333333333333,0.5714285714285714,0.921611191509889
C4,0,0,1,0,1,1,0,1,1,1,1,1,1,0.5,0.5714285714285714,0.07791646566972182
C5,0,1,0,0,0,0,0,1,1,1,1,1,1,0.6666666666666666,0.42857142857142855,0.7346639331082168
C4,0,0,0,1,1,1,0,1,1,1,1,1,1,0.6666666666666666,0.14285714285714285,0.07074087473870397
C4,0,0,0,0,0,1,0,1,1,1,1,1,1,1.0,0.8571428571428571,0.08800651230101303
C2,0,0,0,0,0,1,0,1,1,1,1,1,1,0.0,0.7142857142857142,0.07457991638527094
C4,0,0,1,0,1,1,0,1,1,1,1,1,1,0.8333333333333333,0.7142857142857142,0.07754462132175591
C4,0,0,1,0,1,1,0,1,1,1,1,1,1,0.6666666666666666,0.7142857142857142,0.08798641260652838
C4,0,0,1,1,1,1,0,1,1,1,1,1,1,0.16666666666666666,0.2857142857142857,0.9253698343785174
C4,0,0,0,0,0,1,0,1,1,1,1,1,1,0.8333333333333333,0.8571428571428571,0.15281797716674705
C4,0,0,0,1,0,0,0,1,1,1,1,1,1,0.6666666666666666,0.2857142857142857,0.19198223187007557
C4,0,1,1,1,1,1,0,1,1,1,1,1,1,1.0,0.7142857142857142,0.07453971699630166
C4,0,0,1,0,0,1,0,1,1,1,1,1,1,1.0,0.7142857142857142,0.07989628557645924
C5,0,1,0,0,0,0,0,1,1,1,1,1,1,1.0,0.5714285714285714,0.725649220131854
C4,0,0,0,1,1,1,0,1,1,1,1,1,1,0.0,0.42857142857142855,0.48240271747869434
C4,0,0,0,1,1,1,0,1,1,1,1,1,1,0.8333333333333333,0.42857142857142855,0.5662083936324168
C5,0,0,0,1,0,1,0,1,1,1,1,1,1,1.0,0.42857142857142855,0.8155149541726966
C4,0,0,1,0,0,0,0,1,1,1,1,1,1,1.0,0.42857142857142855,0.08271024280430937
C4,0,0,1,0,0,0,0,1,1,1,1,1,1,0.6666666666666666,0.42857142857142855,0.08917229458112237
C4,0,0,0,1,1,1,0,1,1,1,1,1,1,0.8333333333333333,0.5714285714285714,0.32913249718604276
C4,0,0,0,1,0,0,0,1,1,1,1,1,1,0.3333333333333333,0.2857142857142857,0.35577464222543814
C4,0,0,0,1,0,0,0,1,1,1,1,1,1,0.5,0.42857142857142855,0.3738844669561023
C4,1,1,1,1,1,1,0,1,1,1,1,1,1,0.5,0.42857142857142855,0.07074087473870397
C2,0,0,1,0,0,0,0,1,1,1,1,1,1,0.16666666666666666,0.8571428571428571,0.30193761054831963
C4,0,0,0,1,0,0,0,1,1,1,1,1,1,0.8333333333333333,0.8571428571428571,0.070710725196977
C4,0,0,1,0,0,0,0,1,1,1,1,1,1,0.16666666666666666,0.42857142857142855,0.07959479015918958
C4,0,0,1,1,0,0,0,1,1,1,1,1,1,0.3333333333333333,0.2857142857142857,0.15281797716674705
C4,0,0,0,1,0,0,0,1,1,1,1,1,1,0.8333333333333333,0.42857142857142855,0.31061062871844347
C5,0,0,0,1,0,0,0,1,1,1,1,1,1,0.5,0.8571428571428571,0.9795686605563595
C5,0,0,0,1,0,0,0,1,1,1,1,1,1,0.8333333333333333,0.7142857142857142,0.4436605563595433
C5,0,0,0,1,0,0,0,1,1,1,1,1,1,0.5,0.5714285714285714,0.7546430294259527
C5,0,0,0,1,0,0,0,1,1,1,1,1,1,0.16666666666666666,0.7142857142857142,0.9567856568580158
C4,1,0,0,0,0,0,0,1,1,1,1,1,1,0.8333333333333333,0.2857142857142857,0.45293656536420646
C4,0,0,0,0,1,0,0,1,1,1,1,1,1,0.5,0.42857142857142855,0.07144436404566651
C5,1,1,1,1,1,1,0,1,1,1,1,1,1,0.3333333333333333,0.2857142857142857,0.94511778420968
C5,0,0,0,1,0,0,0,1,1,1,1,1,1,1.0,0.7142857142857142,0.9551877311464866
C4,0,0,0,1,1,1,0,1,1,1,1,1,1,0.6666666666666666,0.42857142857142855,0.12263828589805435
C5,0,0,0,1,0,0,0,1,1,1,1,1,1,1.0,0.5714285714285714,0.9459619713780351
C5,0,0,0,1,0,0,0,1,1,1,1,1,1,0.8333333333333333,0.42857142857142855,0.9581524360829715
C4,0,0,0,1,1,0,0,1,1,1,1,1,1,0.5,0.42857142857142855,0.10754341534008682
C5,0,0,0,0,0,1,0,1,1,1,1,1,1,0.0,0.7142857142857142,0.6040259688052741
C2,0,0,0,1,0,0,0,1,1,1,1,1,1,0.0,0.7142857142857142,0.01871281556520341
C2,0,0,0,1,0,1,0,1,1,1,1,1,1,0.6666666666666666,0.2857142857142857,0.30469126869271584
C4,0,0,0,1,1,1,0,1,1,1,1,1,1,0.0,0.2857142857142857,0.1608176555716353
C3,1,0,0,1,0,0,0,1,1,1,1,1,1,0.5,0.8571428571428571,0.2835765396365975
C4,0,0,0,1,0,0,0,1,1,1,1,1,1,1.0,0.7142857142857142,0.15984282038913009
C4,0,1,0,0,0,0,0,1,1,1,1,1,1,0.8333333333333333,0.5714285714285714,0.1659129281234925
C4,0,1,0,0,0,0,0,1,1,1,1,1,1,0.6666666666666666,0.42857142857142855,0.12107050972825213
C4,0,0,0,1,1,1,0,1,1,1,1,1,1,0.16666666666666666,0.42857142857142855,0.32292169159028783
C4,0,0,0,0,0,1,0,1,1,1,1,1,1,0.16666666666666666,0.42857142857142855,0.1748974915581283
C5,0,0,0,1,1,0,0,1,1,1,1,1,1,1.0,0.42857142857142855,0.8060982473066409
C4,0,1,0,1,0,0,0,1,1,1,1,1,1,0.6666666666666666,0.7142857142857142,0.01861231709278019
C5,0,0,0,1,0,0,0,1,1,1,1,1,1,0.6666666666666666,0.7142857142857142,0.496723749799003
C4,0,0,0,1,0,0,0,1,1,1,1,1,1,1.0,0.42857142857142855,0.15195369030390737
C5,0,0,0,1,0,0,0,1,1,1,1,1,1,0.8333333333333333,0.8571428571428571,0.9542430455057083
C4,0,0,0,1,1,1,0,1,1,1,1,1,1,0.3333333333333333,0.5714285714285714,0.4842719890657662
C2,0,0,0,1,0,1,0,1,1,1,1,1,1,0.6666666666666666,0.42857142857142855,0.12263828589805435
C4,0,0,0,1,0,0,0,1,1,1,1,1,1,1.0,0.8571428571428571,0.15197378999839203
C4,1,0,0,1,1,0,0,1,1,1,1,1,1,1.0,0.7142857142857142,0.15098890496864448
C4,0,0,0,1,0,0,0,1,1,1,1,1,1,0.8333333333333333,0.2857142857142857,0.22425229136517125
C4,0,0,0,1,0,0,0,1,1,1,1,1,1,0.8333333333333333,1.0,0.1912184434796591
C4,0,0,0,1,0,0,0,1,1,1,1,1,1,0.6666666666666666,0.42857142857142855,0.030702283325293456
C5,0,1,0,0,0,0,0,1,1,1,1,1,1,0.6666666666666666,0.7142857142857142,0.6552600900466313
C4,0,0,0,1,0,0,0,1,1,1,1,1,1,0.8333333333333333,0.7142857142857142,0.010823685479980704
C4,0,0,0,1,0,0,0,1,1,1,1,1,1,1.0,0.7142857142857142,0.21164978292329956
C2,0,0,0,1,0,0,0,1,1,1,1,1,1,0.3333333333333333,0.7142857142857142,0.15286822640295866
C5,0,0,0,1,0,0,0,1,1,1,1,1,1,0.5,0.5714285714285714,0.7788430615854639
C4,0,0,0,1,0,0,0,1,1,1,1,1,1,1.0,0.7142857142857142,0.15212453770702686
C4,0,0,1,1,1,0,0,1,1,1,1,1,1,0.6666666666666666,0.14285714285714285,0.08265999356809776
C4,0,1,0,0,0,0,0,1,1,1,1,1,1,0.8333333333333333,1.0,0.08086107091172214
C4,0,0,0,1,0,0,0,1,1,1,1,1,1,0.0,0.42857142857142855,0.08898134748351826
C4,0,0,0,1,0,0,0,1,1,1,1,1,1,0.5,0.2857142857142857,0.06070107734362438
C4,0,0,0,0,1,1,0,1,1,1,1,1,1,0.8333333333333333,0.42857142857142855,0.0705298279466152
C4,0,0,0,1,1,1,0,1,1,1,1,1,1,0.8333333333333333,0.42857142857142855,0.0866196333815726
C4,0,0,1,1,0,0,0,1,1,1,1,1,1,0.0,0.14285714285714285,0.0644697700594951
C2,0,0,1,1,0,1,0,1,1,1,1,1,1,0.0,0.7142857142857142,0.017848528702363725
C4,0,0,0,1,0,0,0,1,1,1,1,1,1,0.6666666666666666,0.14285714285714285,0.08106206785656858
C4,0,0,0,1,1,1,0,1,1,1,1,1,1,0.8333333333333333,0.42857142857142855,0.08868990191349091
C4,0,1,1,1,1,1,0,1,1,1,1,1,1,0.8333333333333333,0.5714285714285714,0.19536903039073805
C4,0,0,0,1,0,0,0,1,1,1,1,1,1,0.0,0.2857142857142857,0.07065042611352307
C4,0,0,0,1,1,0,0,1,1,1,1,1,1,0.5,0.42857142857142855,0.11611593503778743
C4,0,0,0,1,1,1,0,1,1,1,1,1,1,0.16666666666666666,0.42857142857142855,0.07701197941791285
C2,0,0,0,1,0,0,0,1,1,1,1,1,1,0.5,0.5714285714285714,0.10052862196494614
C4,0,0,0,1,0,0,0,1,1,1,1,1,1,0.16666666666666666,0.2857142857142857,0.1125683389612478
C4,0,0,0,1,0,0,0,1,1,1,1,1,1,0.5,0.2857142857142857,0.11305073162887924
C4,1,0,0,1,0,0,0,1,1,1,1,1,1,0.0,0.2857142857142857,0.11414616497829233
C4,0,0,1,1,1,1,0,1,1,1,1,1,1,0.8333333333333333,0.42857142857142855,0.07961488985367422
C5,0,0,0,1,1,0,0,1,1,1,1,1,1,1.0,0.7142857142857142,0.87556279144557
C4,0,0,0,1,0,0,0,1,1,1,1,1,1,0.0,0.42857142857142855,0.18157059012703006
C2,0,0,0,1,0,0,0,1,1,1,1,1,1,0.0,0.7142857142857142,0.19573082489146165
C4,0,0,0,1,1,1,0,1,1,1,1,1,1,0.0,0.14285714285714285,0.1181259044862518
C4,0,0,0,1,0,0,0,1,1,1,1,1,1,0.8333333333333333,0.7142857142857142,0.10524200032159511
C4,0,0,0,1,0,0,0,1,1,1,1,1,1,1.0,0.2857142857142857,0.030792731950474352
C4,0,0,1,1,1,1,0,1,1,1,1,1,1,0.0,0.2857142857142857,0.11749276410998552
C4,0,0,0,1,0,0,0,1,1,1,1,1,1,0.5,0.42857142857142855,0.0890516964142145
C4,0,0,1,1,0,1,0,1,1,1,1,1,1,0.3333333333333333,0.14285714285714285,0.08097161923138768
C4,0,0,1,1,1,1,0,1,1,1,1,1,1,0.5,0.42857142857142855,0.07704212895963981
C4,0,0,0,1,0,0,0,1,1,1,1,1,1,1.0,0.42857142857142855,0.10955338478855121
C2,0,0,0,1,0,0,0,1,1,1,1,1,1,0.6666666666666666,0.7142857142857142,0.19210283003698345
C4,0,0,0,1,1,1,0,1,1,1,1,1,1,0.0,0.5714285714285714,0.19219327866216432
C4,0,0,0,1,1,0,0,1,1,1,1,1,1,0.8333333333333333,0.42857142857142855,0.15222503617945007
C4,0,0,0,1,1,1,0,1,1,1,1,1,1,0.0,0.2857142857142857,0.11749276410998552
C4,1,0,0,1,0,0,1,1,1,1,1,1,1,1.0,0.7142857142857142,0.2251869271587072
C5,0,0,0,1,0,0,0,1,1,1,1,1,1,0.8333333333333333,0.8571428571428571,0.6552600900466313
C5,0,0,0,1,0,0,0,1,1,1,1,1,1,0.8333333333333333,0.5714285714285714,0.9895582087152275
C4,0,1,0,1,0,0,0,1,1,1,1,1,1,0.16666666666666666,0.14285714285714285,0.4341634507155491
C5,0,0,0,1,1,1,0,1,1,1,1,1,1,0.3333333333333333,0.42857142857142855,0.8606186685962374
C3,0,0,0,1,1,1,1,1,1,1,1,1,1,1.0,0.8571428571428571,0.2081825856246985
C4,0,0,0,1,1,1,0,1,1,1,1,1,1,1.0,0.14285714285714285,0.15291847563917027
C4,0,0,0,1,1,1,0,1,1,1,1,1,1,0.16666666666666666,0.5714285714285714,0.29586750281395724
C4,0,1,0,0,0,0,0,1,1,1,1,1,1,0.8333333333333333,0.42857142857142855,0.3047515677761698
C4,0,0,0,1,0,0,0,1,1,1,1,1,1,1.0,0.7142857142857142,0.2095594146968966
C2,0,0,0,0,0,0,1,1,1,1,1,1,1,0.0,0.8571428571428571,0.15292852548641261
C3,0,0,0,0,0,0,1,1,1,1,1,1,1,0.8333333333333333,0.8571428571428571,0.1514612477890336
C2,0,0,0,0,0,0,1,1,1,1,1,1,1,0.3333333333333333,0.8571428571428571,0.15292852548641261
C3,0,0,0,0,0,0,1,1,1,1,1,1,1,1.0,0.8571428571428571,0.15292852548641261
C2,0,0,0,0,0,0,1,1,1,1,1,1,1,0.5,0.8571428571428571,0.15932022833252935
C3,0,0,0,0,0,0,1,1,1,1,1,1,1,0.8333333333333333,0.8571428571428571,0.15292852548641261
C3,0,0,0,0,0,0,1,1,1,1,1,1,1,1.0,0.8571428571428571,0.1570992120919762
C2,0,0,0,0,0,0,1,1,1,1,1,1,1,0.0,1.0,0.15303907380607815
C2,0,0,0,0,0,0,1,1,1,1,1,1,1,0.5,0.8571428571428571,0.15292852548641261
C5,0,1,0,1,0,0,1,1,1,1,1,1,1,0.3333333333333333,1.0,0.94511778420968
C2,0,0,0,0,0,0,1,1,1,1,1,1,1,0.5,0.8571428571428571,0.1571997105643994
C2,0,0,0,0,0,0,1,1,1,1,1,1,1,0.0,0.8571428571428571,0.1531094227367744
C5,0,0,0,1,0,0,0,1,1,1,1,1,1,0.6666666666666666,0.7142857142857142,0.805223910596559
C2,0,0,0,1,0,0,1,1,1,1,1,1,1,0.5,0.8571428571428571,0.15211448785978454
C2,0,0,1,1,0,1,0,1,1,1,1,1,1,0.0,0.42857142857142855,0.15292852548641261
C4,0,0,1,0,1,1,0,1,1,1,1,1,1,1.0,0.0,0.15292852548641261
C3,0,0,0,0,0,0,1,1,1,1,1,1,1,1.0,0.8571428571428571,0.85708112236694
C5,0,0,0,1,0,0,0,1,1,1,1,1,1,0.0,0.5714285714285714,0.9868447499598005
C5,0,0,0,1,0,0,0,1,1,1,1,1,1,0.6666666666666666,0.5714285714285714,0.5497567936967358
C5,0,0,0,1,0,0,0,1,1,1,1,1,1,0.3333333333333333,0.7142857142857142,0.6140858658948384
C5,0,0,0,0,0,1,0,1,1,1,1,1,1,1.0,0.5714285714285714,0.6042370155973629
C4,0,0,0,1,0,0,0,1,1,1,1,1,1,1.0,0.5714285714285714,0.15690826499437208
C5,0,0,0,1,0,0,0,1,1,1,1,1,1,0.3333333333333333,0.5714285714285714,0.6093121884547354
C5,0,0,0,0,0,1,0,1,1,1,1,1,1,0.0,0.8571428571428571,0.603553625984885
C5,0,0,0,1,0,0,0,1,1,1,1,1,1,0.6666666666666666,0.5714285714285714,0.5379683228814922
C5,0,0,0,1,0,0,0,1,1,1,1,1,1,0.0,0.2857142857142857,0.6091815404405853
C5,0,0,0,1,0,0,0,1,1,1,1,1,1,0.6666666666666666,0.8571428571428571,0.6050108538350217
C5,0,0,0,1,0,0,0,1,1,1,1,1,1,0.16666666666666666,0.42857142857142855,0.6164676796912687
C5,0,0,0,1,0,0,0,1,1,1,1,1,1,1.0,0.7142857142857142,0.6081162566328991
C5,0,0,0,1,0,1,0,1,1,1,1,1,1,0.16666666666666666,0.14285714285714285,0.9849352789837594
C4,0,1,0,0,0,0,0,1,1,1,1,1,1,1.0,0.14285714285714285,0.10076981829876186
C5,0,0,0,0,0,1,0,1,1,1,1,1,1,0.0,0.7142857142857142,0.6086488985367422
C4,0,1,0,0,0,0,0,1,1,1,1,1,1,0.3333333333333333,0.2857142857142857,0.3246502653159672
C2,0,0,0,0,0,1,0,1,1,1,1,1,1,0.3333333333333333,0.8571428571428571,0.0
C5,0,0,0,1,0,0,0,1,1,1,1,1,1,0.6666666666666666,0.42857142857142855,0.5380286219649462
C5,0,0,0,1,1,1,0,1,1,1,1,1,1,0.3333333333333333,0.2857142857142857,0.9180736452805918
C4,0,0,0,1,1,1,0,1,1,1,1,1,1,0.6666666666666666,0.42857142857142855,0.6034531275124618
C5,0,0,1,1,0,0,0,1,1,1,1,1,1,1.0,0.5714285714285714,0.6081665058691108
C5,0,0,0,1,0,0,0,1,1,1,1,1,1,1.0,0.5714285714285714,0.6081665058691108
C4,0,0,0,1,0,0,0,1,1,1,1,1,1,0.8333333333333333,0.2857142857142857,0.6060258884064962
C5,0,0,0,1,0,0,0,1,1,1,1,1,1,0.5,0.5714285714285714,0.6041867663611513
C5,0,0,0,1,0,0,0,1,1,1,1,1,1,0.0,0.7142857142857142,0.6368387200514553
C5,1,0,1,0,0,1,0,1,1,1,1,1,1,0.8333333333333333,0.8571428571428571,0.6074027174786943
C4,0,0,1,1,1,1,0,1,1,1,1,1,1,0.8333333333333333,0.2857142857142857,0.607111271908667
C5,0,0,1,1,0,0,1,1,1,1,1,1,1,0.5,0.8571428571428571,0.6049304550570831
C5,0,0,0,1,0,0,0,1,1,1,1,1,1,1.0,0.8571428571428571,0.5347222222222222
C5,0,0,0,1,0,0,0,1,1,1,1,1,1,0.6666666666666666,0.42857142857142855,0.6075635150345715
C4,0,0,1,1,1,1,0,1,1,1,1,1,1,0.8333333333333333,0.42857142857142855,0.6048098568901753
C4,1,0,0,1,0,0,0,1,1,1,1,1,1,1.0,0.0,0.609171490593343
C4,0,0,0,1,1,1,0,1,1,1,1,1,1,0.8333333333333333,0.42857142857142855,0.6042370155973629
C4,0,0,1,0,0,0,0,1,1,1,1,1,1,0.6666666666666666,0.7142857142857142,0.0
C4,0,0,0,1,0,0,0,1,1,1,1,1,1,0.6666666666666666,0.14285714285714285,0.6125783888084901
C4,0,0,0,1,1,1,0,1,1,1,1,1,1,0.8333333333333333,0.42857142857142855,0.6047294581122367
C4,1,0,0,0,0,0,0,1,1,1,1,1,1,0.0,0.14285714285714285,0.01610990512944203
C5,0,0,0,1,1,0,0,1,1,1,1,1,1,0.16666666666666666,0.14285714285714285,0.8131029908345393
C4,0,1,0,1,1,1,0,1,1,1,1,1,1,0.3333333333333333,0.14285714285714285,0.15281797716674705
C4,1,0,1,1,1,1,0,1,1,1,1,1,1,0.6666666666666666,0.14285714285714285,0.19191188293937933
C4,0,1,0,1,1,1,0,1,1,1,1,1,1,0.16666666666666666,0.14285714285714285,0.15288832609744332
C5,0,0,0,1,0,1,0,1,1,1,1,1,1,0.8333333333333333,0.42857142857142855,0.7450554751567776
C4,0,0,0,1,1,0,0,1,1,1,1,1,1,0.5,0.8571428571428571,0.282842900787908
C5,0,0,0,1,1,0,0,1,1,1,1,1,1,0.6666666666666666,0.7142857142857142,0.9049284450876347
C5,0,0,0,1,0,0,0,1,1,1,1,1,1,0.16666666666666666,0.7142857142857142,0.9300430133461971
C4,0,0,0,1,0,0,0,1,1,1,1,1,1,1.0,0.7142857142857142,0.23300570831323364
C5,0,0,0,1,0,1,0,1,1,1,1,1,1,0.5,0.8571428571428571,0.6345071554912365
C5,0,0,0,1,1,1,0,1,1,1,1,1,1,0.0,0.2857142857142857,0.8451519536903039
C3,0,0,0,1,1,1,1,1,1,1,1,1,1,1.0,0.8571428571428571,0.5338679852066248
C5,0,0,0,1,0,0,0,1,1,1,1,1,1,0.8333333333333333,0.42857142857142855,0.9771767969126869
C5,0,0,0,1,0,0,0,1,1,1,1,1,1,0.3333333333333333,0.42857142857142855,0.8570710725196977
C2,0,0,0,1,0,1,0,1,1,1,1,1,1,0.3333333333333333,0.2857142857142857,0.3698745779064158
C5,0,0,0,1,0,0,0,1,1,1,1,1,1,0.5,0.2857142857142857,0.8614327062228654
C5,0,0,0,0,0,1,0,1,1,1,1,1,1,0.3333333333333333,0.2857142857142857,0.8042490754140537
C3,0,0,0,0,0,0,1,1,1,1,1,1,1,1.0,1.0,0.716162164335102
C3,0,0,0,0,0,0,1,1,1,1,1,1,1,1.0,1.0,0.716162164335102
C2,0,0,0,1,0,0,0,1,1,1,1,1,1,0.3333333333333333,0.5714285714285714,0.15291847563917027
C4,0,0,0,1,1,1,1,1,1,1,1,1,1,0.0,0.7142857142857142,0.15690826499437208
C2,0,0,0,0,0,0,1,1,1,1,1,1,1,0.5,0.8571428571428571,0.5558872005145522
C5,0,0,0,1,0,0,0,1,1,1,1,1,1,0.0,0.42857142857142855,0.7543716835504101
C2,0,0,0,1,0,0,0,1,1,1,1,1,1,0.5,0.7142857142857142,0.1508683068017366
C4,1,1,1,1,1,1,0,1,1,1,1,1,1,0.0,0.5714285714285714,0.5538772310660878
C4,0,0,1,1,1,1,0,1,1,1,1,1,1,0.0,0.5714285714285714,0.554007879080238
C4,0,0,1,0,0,0,0,1,1,1,1,1,1,0.16666666666666666,0.42857142857142855,0.15165219488663773
C4,0,0,1,0,0,0,0,1,1,1,1,1,1,0.0,0.2857142857142857,0.21311706062067856
C4,0,0,0,1,1,1,0,1,1,1,1,1,1,0.0,0.2857142857142857,0.1511899019134909
C2,0,0,0,1,0,0,0,1,1,1,1,1,1,0.3333333333333333,0.7142857142857142,0.15283807686123171
C4,0,0,0,1,0,0,0,1,1,1,1,1,1,0.6666666666666666,0.2857142857142857,0.16784249879401833
C2,0,0,1,0,1,1,0,0,0,0,0,0,0,0.5,0.7142857142857142,0.08920244412284933
C2,0,0,0,1,0,0,0,0,0,0,0,0,0,0.0,0.7142857142857142,0.6086689982312269
C1,0,0,1,1,1,1,0,1,0,0,0,0,0,0.0,0.14285714285714285,0.07891140054671168
C3,0,0,0,1,0,0,0,1,0,0,0,0,0,0.5,0.8571428571428571,0.1520642386235729
C3,0,0,1,1,1,1,0,1,0,0,0,0,0,1.0,0.8571428571428571,0.6031114327062228
C2,0,0,0,1,1,1,0,1,1,0,0,0,0,0.0,0.7142857142857142,0.20880567615372245
C4,0,0,1,0,1,1,0,0,1,1,0,0,0,0.6666666666666666,0.8571428571428571,0.08901149702524522
C2,0,0,1,1,1,0,0,1,0,0,1,0,0,0.0,0.8571428571428571,0.15221498633220776
C2,0,1,0,0,0,0,0,1,0,0,1,0,0,0.0,0.8571428571428571,0.15107935359382538
C3,0,0,1,1,0,0,0,1,1,0,1,1,0,1.0,0.8571428571428571,0.0
C3,0,0,0,1,0,0,0,1,1,0,1,1,0,0.6666666666666666,0.8571428571428571,0.6110809615693842
C3,0,0,1,1,1,1,1,1,1,0,1,1,0,0.3333333333333333,0.8571428571428571,0.6094227367744011
C2,0,0,0,1,0,0,0,0,0,1,1,1,0,0.0,0.5714285714285714,0.33358457951439136
C2,0,0,0,1,0,0,0,1,1,1,1,1,0,0.3333333333333333,0.8571428571428571,0.15075775848207107
C1,0,0,0,1,0,0,0,0,0,0,0,0,1,0.5,0.7142857142857142,0.9796490593342981
C2,0,0,0,0,0,0,1,0,0,0,0,0,1,0.0,1.0,0.9801314520019295
C1,0,0,0,1,0,0,0,0,0,0,0,0,1,0.6666666666666666,0.7142857142857142,0.29858096156938413
C3,1,0,0,1,0,0,0,1,0,0,1,0,1,0.5,0.8571428571428571,0.08875020099694485
C3,0,0,0,0,0,0,1,1,1,0,1,0,1,1.0,1.0,0.07498191027496381
C2,0,0,1,0,0,0,0,1,1,1,1,0,1,0.3333333333333333,0.7142857142857142,0.15295867502813956
C3,0,1,0,0,0,0,1,1,1,0,0,1,1,0.6666666666666666,1.0,0.8570610226724553
C2,0,0,1,1,1,1,0,1,0,0,1,1,1,0.0,0.8571428571428571,0.6345071554912365
C2,0,0,0,1,1,1,0,1,1,0,1,1,1,0.3333333333333333,0.7142857142857142,0.16382255989708955
C5,0,0,0,1,0,0,0,1,1,0,1,1,1,0.8333333333333333,0.8571428571428571,0.9269376105483197
C2,0,0,0,0,0,0,1,1,1,0,1,1,1,0.0,0.8571428571428571,0.15291847563917027
C5,1,0,0,0,0,0,1,1,1,0,1,1,1,0.0,1.0,0.9311786460845795
C5,0,0,0,1,0,0,0,1,1,0,1,1,1,0.16666666666666666,0.42857142857142855,0.6031516320951922
C5,0,0,0,0,0,1,0,1,1,0,1,1,1,0.0,0.5714285714285714,0.9795586107091172
C4,0,0,0,0,0,1,0,1,1,1,1,1,1,1.0,0.5714285714285714,0.22742804309374498
C4,0,1,1,1,0,0,0,1,1,1,1,1,1,0.0,0.14285714285714285,0.07785616658626789
C5,0,0,0,1,1,0,0,1,1,1,1,1,1,1.0,0.8571428571428571,0.8956423862357292
C4,1,0,0,1,1,1,0,1,1,1,1,1,1,0.5,0.5714285714285714,0.10361392506833896
C5,0,0,0,1,0,0,0,1,1,1,1,1,1,1.0,0.2857142857142857,0.9487256793696736
C4,0,0,0,1,0,0,0,1,1,1,1,1,1,0.5,0.42857142857142855,0.2821796108699148
C4,0,0,0,1,1,0,0,1,1,1,1,1,1,0.5,0.8571428571428571,0.36988462775365816
