person_w_disabilty___1,person_w_disabilty___2,person_w_disabilty___3,person_w_disabilty___4,person_w_disabilty___5,person_w_disabilty___6,person_w_disabilty___7,activities_access___1,activities_access___2,activities_access___3,activities_access___4,activities_access___5,activities_access___6,income,age,zip_cd
0,1,0,0,0,0,0,1,0,0,0,0,0,2,4,80005
1,0,0,1,0,0,0,1,0,0,0,0,0,6,8,15131
0,1,1,0,0,0,0,1,0,0,0,0,0,4,4,8876
1,0,0,0,0,0,0,1,0,0,0,0,0,0,3,15213
0,1,1,1,1,1,0,1,0,0,0,0,0,1,8,8822
0,0,0,1,0,0,0,1,0,0,0,0,0,3,4,99502
1,1,0,0,0,0,0,1,0,0,0,0,0,4,5,99504
0,0,0,1,0,0,0,1,0,0,0,0,0,3,4,99503
1,0,1,0,0,0,0,1,0,0,0,0,0,3,3,48317
0,1,0,0,0,0,0,1,0,0,0,0,0,3,3,90670
1,0,1,0,0,0,0,1,0,0,0,0,0,3,3,98122
0,0,0,1,1,0,0,1,0,0,0,0,0,0,8,65203
0,0,1,0,0,0,0,1,0,0,0,0,0,3,7,58533
0,0,1,0,0,0,0,1,0,0,0,0,0,3,7,60614
0,0,1,0,0,0,0,1,0,0,0,0,0,3,7,37029
0,0,0,1,0,0,0,1,0,0,0,0,0,4,6,85042
0,0,0,1,0,0,0,1,0,0,0,0,0,4,7,16509
0,0,0,1,1,0,0,1,0,0,0,0,0,1,3,15642
0,0,1,0,0,1,0,1,0,0,0,0,0,2,6,65203
1,0,0,0,0,0,1,1,0,0,0,0,0,6,8,15010
0,0,0,0,0,0,1,1,0,0,0,0,0,0,7,15701
0,0,0,0,0,0,1,1,0,0,0,0,0,2,8,15668
0,0,0,0,0,0,1,1,0,0,0,0,0,4,7,15243
0,0,0,0,0,0,1,1,0,0,0,0,0,6,7,15212
0,0,0,1,0,1,0,1,0,0,0,0,0,0,7,16101
0,0,0,0,0,0,1,1,0,0,0,0,0,4,7,15478
0,0,0,1,0,0,0,1,0,0,0,0,0,6,7,60502
0,0,0,0,0,1,0,1,0,0,0,0,0,3,3,60901
0,0,0,1,0,0,0,1,0,0,0,0,0,6,7,60502
1,0,0,1,0,0,0,1,0,0,0,0,0,2,6,60644
0,0,0,1,1,1,1,1,0,0,0,0,0,5,6,60453
0,0,0,1,0,0,0,1,0,0,0,0,0,0,3,60640
0,0,1,0,0,0,0,1,0,0,0,0,0,5,4,60120
1,0,0,1,0,1,0,1,0,0,0,0,0,0,6,61371
0,0,0,0,0,0,1,1,0,0,0,0,0,0,7,85281
0,0,1,1,1,1,0,1,0,0,0,0,0,4,7,15670
0,0,0,1,0,0,0,1,0,0,0,0,0,3,6,97470
0,0,0,1,0,0,0,1,0,0,0,0,0,4,7,15122
0,0,0,0,0,0,1,1,0,0,0,0,0,0,7,55313
1,1,1,1,0,0,0,0,1,0,0,0,0,2,3,14580
0,0,1,0,0,0,0,0,1,0,0,0,0,0,5,8901
0,0,1,0,0,0,0,0,1,0,0,0,0,0,3,37203
0,0,0,1,0,0,0,0,1,0,0,0,0,4,3,99503
0,1,1,0,0,0,0,0,1,0,0,0,0,3,4,99501
0,0,0,1,0,0,0,0,1,0,0,0,0,4,5,99502
0,0,1,1,0,0,0,0,1,0,0,0,0,3,4,99502
0,0,0,1,0,0,0,0,1,0,0,0,0,3,3,99501
0,0,1,0,0,0,0,0,1,0,0,0,0,3,4,11701
0,0,1,0,0,0,0,0,1,0,0,0,0,4,3,14094
0,0,1,0,0,0,0,0,1,0,0,0,0,2,7,78628
0,0,0,1,0,0,0,0,1,0,0,0,0,2,5,7514
0,0,1,0,0,1,0,0,1,0,0,0,0,0,3,8831
1,0,0,0,0,0,0,0,1,0,0,0,0,4,7,73507
0,0,1,1,0,0,0,1,1,0,0,0,0,3,5,8837
0,0,0,1,1,0,0,1,1,0,0,0,0,4,3,99501
0,0,0,1,0,0,0,1,1,0,0,0,0,4,3,99502
0,0,1,0,0,0,0,1,1,0,0,0,0,3,3,99504
0,1,0,0,0,0,0,1,1,0,0,0,0,4,4,99504
0,0,1,1,0,0,0,1,1,0,0,0,0,3,4,99503
0,1,0,0,0,0,0,1,1,0,0,0,0,4,3,99502
0,0,0,1,0,0,0,1,1,0,0,0,0,4,3,99503
0,0,1,1,0,0,0,1,1,0,0,0,0,4,3,99503
0,0,0,1,0,0,0,1,1,0,0,0,0,5,3,99501
0,1,0,1,0,0,0,1,1,0,0,0,0,4,4,68967
1,0,1,0,0,0,0,1,1,0,0,0,0,4,4,61761
0,0,0,1,0,0,0,1,1,0,0,0,0,5,4,90001
0,0,0,1,1,0,0,1,1,0,0,0,0,4,8,76541
0,0,0,0,0,0,1,1,1,0,0,0,0,6,7,15238
0,0,0,0,0,0,1,1,1,0,0,0,0,5,8,7461
1,1,0,1,0,0,1,1,1,0,0,0,0,6,8,85281
1,1,1,0,0,0,0,0,0,1,0,0,0,4,7,92685
0,1,0,0,0,0,0,0,0,1,0,0,0,6,7,92526
0,1,0,0,0,0,0,0,0,1,0,0,0,2,3,90014
0,0,1,1,1,1,0,0,0,1,0,0,0,1,2,8055
0,1,0,0,0,1,0,0,0,1,0,0,0,1,5,7044
0,1,0,0,0,0,0,0,0,1,0,0,0,0,2,35242
0,0,1,0,0,0,0,0,0,1,0,0,0,0,6,7028
0,0,1,0,0,0,0,0,0,1,0,0,0,3,4,45014
0,0,0,1,0,0,0,0,0,1,0,0,0,4,7,15005
0,0,0,1,0,0,0,0,0,1,0,0,0,0,2,7001
0,0,0,1,0,0,0,0,0,1,0,0,0,6,5,61874
1,1,0,0,0,0,0,0,0,1,0,0,0,5,6,0
0,0,0,1,0,0,0,0,0,1,0,0,0,4,5,60140
0,0,0,1,0,0,0,0,0,1,0,0,0,0,6,60012
1,0,0,1,0,0,0,0,0,1,0,0,0,4,5,60056
0,0,0,0,0,0,1,0,0,1,0,0,0,4,3,28144
0,0,1,0,0,0,0,1,0,1,0,0,0,1,2,21217
0,0,1,0,1,1,0,1,0,1,0,0,0,3,6,7054
0,1,0,0,0,0,0,1,0,1,0,0,0,0,7,21214
0,0,1,0,0,1,0,1,0,1,0,0,0,6,6,15017
0,0,1,0,0,0,0,1,0,1,0,0,0,3,4,22090
0,0,1,0,1,1,0,1,0,1,0,0,0,0,6,7631
0,0,0,1,1,0,0,1,0,1,0,0,0,6,6,92037
0,0,0,1,0,0,0,1,0,1,0,0,0,3,3,60505
0,0,1,0,0,1,0,1,0,1,0,0,0,2,3,15221
0,0,1,0,1,0,0,0,1,1,0,0,0,3,4,29356
0,0,1,0,0,0,0,1,1,1,0,0,0,5,2,6516
0,1,1,1,0,0,0,1,1,1,0,0,0,3,7,63010
0,0,0,0,0,1,0,1,1,1,0,0,0,0,2,7070
0,0,0,1,0,0,0,1,1,1,0,0,0,0,2,6351
0,0,0,1,0,0,0,1,1,1,0,0,0,5,2,60074
0,0,0,1,0,0,0,1,1,1,0,0,0,0,2,54115
0,0,0,1,0,0,0,1,1,1,0,0,0,4,4,60651
0,1,1,1,0,0,0,0,0,0,1,0,0,5,7,90019
1,0,1,1,0,1,0,0,0,0,1,0,0,0,8,98043
0,0,0,1,0,0,0,1,0,0,1,0,0,0,6,18630
0,1,0,0,0,0,0,1,0,0,1,0,0,2,4,30165
1,0,0,0,0,1,0,1,0,0,1,0,0,4,3,79414
0,0,0,1,0,0,0,1,0,0,1,0,0,3,3,60563
0,0,0,1,0,0,0,1,0,0,1,0,0,0,6,6492
0,0,0,1,0,0,0,1,0,0,1,0,0,5,6,22041
0,1,0,0,0,0,0,1,0,0,1,0,0,3,2,91354
0,0,0,1,0,0,0,1,0,0,1,0,0,3,8,15147
0,0,0,0,0,0,1,1,0,0,1,0,0,0,7,29585
0,0,0,0,0,0,1,1,0,0,1,0,0,2,7,15236
0,0,0,0,0,0,1,1,0,0,1,0,0,0,8,15146
0,0,0,0,0,0,1,1,0,0,1,0,0,2,7,15084
0,0,0,0,0,0,1,1,0,0,1,0,0,4,7,16686
0,0,0,0,0,0,1,1,0,0,1,0,0,3,8,15201
1,0,0,1,0,0,1,1,0,0,1,0,0,2,8,15120
0,0,0,0,0,1,0,1,0,0,1,0,0,1,7,15212
0,0,0,0,0,0,1,1,0,0,1,0,0,6,8,15232
0,0,0,0,0,0,1,1,0,0,1,0,0,6,7,60101
0,0,0,0,0,0,1,1,0,0,1,0,0,0,8,85281
0,0,0,1,1,0,0,1,0,0,1,0,0,3,5,53142
0,0,0,1,1,1,0,1,0,0,1,0,0,6,6,24185
0,0,0,1,0,0,1,1,0,0,1,0,0,5,7,15101
0,0,0,1,1,1,1,1,0,0,1,0,0,0,7,16105
0,1,0,0,1,0,0,0,1,0,1,0,0,3,3,28633
0,0,1,0,0,0,0,0,1,0,1,0,0,3,3,20170
0,0,1,0,1,0,0,0,1,0,1,0,0,3,3,29356
0,0,1,0,1,0,0,0,1,0,1,0,0,3,4,11214
0,0,0,1,1,0,0,0,1,0,1,0,0,4,3,55411
1,0,0,0,0,1,0,0,1,0,1,0,0,1,5,32312
0,0,1,1,1,1,0,1,1,0,1,0,0,6,5,16635
0,1,1,1,1,0,0,1,1,0,1,0,0,0,5,80129
0,0,1,0,0,0,0,1,1,0,1,0,0,3,7,7405
0,0,0,1,0,0,0,1,1,0,1,0,0,4,4,23606
1,0,1,0,0,1,0,1,1,0,1,0,0,1,4,98367
0,0,0,1,0,0,0,1,1,0,1,0,0,5,7,92672
0,0,0,1,0,0,0,1,1,0,1,0,0,5,8,67002
0,0,0,1,0,0,0,1,1,0,1,0,0,6,7,92672
0,0,0,1,0,0,0,1,1,0,1,0,0,0,6,20746
0,0,0,1,1,1,1,1,1,0,1,0,0,4,7,92019
0,0,0,1,0,0,1,1,1,0,1,0,0,2,7,14710
0,0,0,0,0,0,1,1,1,0,1,0,0,6,8,15017
0,0,0,0,0,0,1,1,1,0,1,0,0,4,8,15217
0,0,0,0,0,0,1,1,1,0,1,0,0,0,8,85281
1,0,0,1,0,0,1,1,1,0,1,0,0,4,8,85281
0,0,0,1,0,0,0,1,1,0,1,0,0,5,4,60618
0,0,0,0,0,1,0,1,1,0,1,0,0,4,2,60478
0,0,1,1,1,1,0,1,1,0,1,0,0,6,4,60442
0,0,0,0,0,0,1,1,1,0,1,0,0,3,8,85281
0,0,0,0,0,1,0,0,0,1,1,0,0,0,6,7006
0,0,0,1,0,0,0,1,0,1,1,0,0,0,6,7601
0,0,1,0,1,0,0,1,0,1,1,0,0,4,4,13350
0,0,0,1,0,0,0,1,0,1,1,0,0,3,5,11377
0,0,0,1,0,0,0,1,0,1,1,0,0,3,7,15219
0,0,0,1,0,0,0,1,0,1,1,0,0,6,5,60404
0,0,0,1,0,0,0,0,1,1,1,0,0,6,4,29730
0,0,0,1,0,0,0,0,1,1,1,0,0,1,5,28205
0,0,0,1,1,0,0,1,1,1,1,0,0,3,3,94103
0,0,0,1,0,0,0,1,1,1,1,0,0,6,4,29907
0,0,0,1,1,1,0,1,1,1,1,0,0,3,4,40046
0,0,0,1,1,1,0,0,0,0,0,1,0,0,5,15074
0,0,1,0,1,0,0,0,0,0,0,1,0,1,6,28715
0,0,1,0,0,0,0,0,0,0,0,1,0,1,3,30518
0,0,0,1,0,0,0,0,0,0,0,1,0,0,7,11377
0,0,0,0,1,0,0,0,0,0,0,1,0,0,2,11758
0,0,0,0,0,0,1,0,0,0,0,1,0,2,3,87111
0,0,0,1,1,1,0,1,0,0,0,1,0,1,2,32601
0,0,0,1,0,0,0,1,0,0,0,1,0,2,8,7024
0,0,0,1,0,1,0,1,0,0,0,1,0,3,3,92614
0,1,0,0,0,1,0,1,0,0,0,1,0,3,3,38339
0,0,0,0,1,0,0,1,0,0,0,1,0,3,4,19968
0,1,0,1,0,1,0,1,0,0,0,1,0,3,6,8879
0,0,0,0,0,0,1,1,0,0,0,1,0,0,7,85281
0,0,1,0,0,0,0,1,0,0,0,1,0,3,4,28348
0,0,0,1,0,0,0,1,0,0,0,1,0,4,7,60089
0,0,1,1,0,0,0,0,1,0,0,1,0,2,3,28334
0,0,1,1,0,0,0,0,1,0,0,1,0,2,4,27601
0,0,1,0,0,0,0,0,1,0,0,1,0,2,3,20170
0,0,0,1,0,0,0,0,1,0,0,1,0,3,3,17057
0,1,0,0,1,0,0,0,1,0,0,1,0,3,3,31060
0,1,0,0,1,0,0,0,1,0,0,1,0,3,3,24153
1,0,1,0,0,0,0,0,1,0,0,1,0,1,3,98198
1,0,0,0,1,0,0,0,1,0,0,1,0,2,3,95758
1,0,0,0,0,0,0,1,1,0,0,1,0,4,4,33137
0,0,0,1,0,0,1,1,1,0,0,1,0,4,8,15213
0,1,1,1,0,1,0,1,1,0,0,1,0,4,4,60608
0,0,1,0,0,0,0,0,0,1,0,1,0,3,3,21144
0,0,1,0,1,0,0,0,0,1,0,1,0,4,4,17057
0,0,1,0,1,0,0,0,0,1,0,1,0,4,4,27513
0,0,1,0,0,0,0,0,0,1,0,1,0,2,3,33138
0,0,1,0,0,0,0,0,0,1,0,1,0,3,3,28206
0,0,1,0,0,0,0,0,0,1,0,1,0,4,4,90021
0,0,0,1,0,0,0,0,0,1,0,1,0,4,6,35473
0,1,0,0,0,0,0,1,0,1,0,1,0,4,7,91504
0,0,0,1,0,0,0,1,0,1,0,1,0,3,4,91789
0,0,0,1,0,0,0,1,0,1,0,1,0,6,4,8822
1,0,0,0,0,0,0,1,0,1,0,1,0,5,7,60457
0,0,0,1,0,0,0,1,0,1,0,1,0,2,5,15237
0,0,1,1,1,1,0,1,0,1,0,1,0,0,7,29585
0,1,1,1,0,0,0,1,0,1,0,1,0,1,2,75228
0,1,0,1,1,1,0,1,0,1,0,1,0,0,8,15232
0,0,1,0,1,0,0,0,1,1,0,1,0,4,4,10001
0,0,1,1,0,0,0,0,1,1,0,1,0,3,4,13501
0,0,1,0,1,1,0,1,1,1,0,1,0,0,5,7016
0,0,0,1,0,0,0,0,0,0,1,1,0,2,4,80643
0,0,0,0,0,0,1,0,0,0,1,1,0,0,7,15232
0,1,0,1,1,1,0,1,0,0,1,1,0,6,6,90056
0,0,1,1,1,1,0,1,0,0,1,1,0,6,6,97701
0,0,0,1,0,0,0,1,0,0,1,1,0,3,7,73132
0,0,0,1,0,0,0,1,0,0,1,1,0,4,7,85301
0,0,0,1,1,0,0,1,0,0,1,1,0,0,7,15101
0,0,0,1,0,0,0,1,0,0,1,1,0,6,8,51566
0,1,0,1,0,1,0,1,0,0,1,1,0,2,2,11230
1,0,0,1,0,0,1,1,0,0,1,1,0,0,8,16066
0,0,0,1,0,0,0,1,0,0,1,1,0,4,4,60532
1,0,0,1,1,1,0,1,0,0,1,1,0,4,5,46979
0,0,0,1,0,0,0,1,0,0,1,1,0,2,6,92544
1,0,0,0,0,0,0,0,1,0,1,1,0,2,3,33015
0,0,0,1,0,0,0,0,1,0,1,1,0,3,7,37208
0,0,1,0,0,0,0,0,1,0,1,1,0,4,7,55401
1,0,0,0,0,1,0,1,1,0,1,1,0,6,8,7640
1,1,1,1,1,0,0,1,1,0,1,1,0,0,4,8886
1,0,0,1,0,1,0,1,1,0,1,1,0,0,5,7461
0,0,0,1,0,0,0,1,1,0,1,1,0,4,7,16701
1,0,1,1,0,0,0,1,1,0,1,1,0,2,7,8723
0,0,0,1,0,0,0,1,1,0,1,1,0,6,3,44406
0,0,0,0,0,0,1,1,1,0,1,1,0,0,8,15232
0,0,0,0,0,0,1,1,1,0,1,1,0,0,7,15237
0,0,0,0,0,0,1,1,1,0,1,1,0,5,7,98144
0,0,0,1,0,1,1,1,1,0,1,1,0,3,8,15139
0,0,0,1,0,1,0,1,1,0,1,1,0,5,7,60620
1,1,1,1,1,0,0,1,1,0,1,1,0,1,6,93703
0,0,1,0,0,1,0,0,0,1,1,1,0,6,7,8550
0,0,1,0,1,1,0,1,0,1,1,1,0,1,6,7111
0,0,1,0,0,0,0,1,0,1,1,1,0,1,3,7032
0,0,1,0,0,0,0,1,0,1,1,1,0,6,7,7928
0,0,0,1,1,1,0,1,1,1,1,1,0,3,4,5401
0,0,0,0,0,1,0,1,1,1,1,1,0,5,6,15601
0,1,0,0,0,0,0,1,1,1,1,1,0,2,6,15217
1,0,1,0,0,0,0,1,1,1,1,1,0,0,1,11717
1,0,0,1,0,0,0,0,0,0,0,0,1,3,3,17112
0,0,0,0,0,1,0,0,0,0,0,0,1,0,4,8542
0,0,1,1,0,0,0,0,0,0,0,0,1,4,5,28451
0,0,0,0,0,1,0,0,0,0,0,0,1,4,4,93013
0,0,0,0,0,1,0,0,0,0,0,0,1,3,2,94118
0,0,0,1,0,0,0,0,0,0,0,0,1,0,5,15227
0,0,0,1,0,0,0,0,0,0,0,0,1,6,4,15237
0,0,0,1,0,0,0,0,0,0,0,0,1,3,6,15209
0,0,0,0,0,0,1,0,0,0,0,0,1,5,7,60016
0,0,0,1,0,0,0,0,0,0,0,0,1,4,4,60007
0,0,0,0,0,0,1,0,0,0,0,0,1,0,7,60402
0,0,0,1,0,0,0,1,0,0,0,0,1,4,5,19107
0,0,0,1,1,1,0,1,0,0,0,0,1,6,7,53575
0,0,0,1,0,0,0,1,0,0,0,0,1,5,7,15122
0,0,0,1,0,0,0,1,0,0,0,0,1,4,6,33908
1,0,0,1,0,0,0,1,0,0,0,0,1,6,7,92069
0,0,0,0,0,0,1,1,0,0,0,0,1,0,8,15668
0,0,0,0,0,0,1,1,0,0,0,0,1,6,7,15217
0,0,0,0,0,0,1,1,0,0,0,0,1,5,8,15206
0,0,0,0,0,0,1,1,0,0,0,0,1,0,7,15210
0,0,0,0,0,0,1,1,0,0,0,0,1,6,8,85281
0,0,0,0,0,0,1,1,0,0,0,0,1,6,7,85281
0,0,0,1,0,0,0,1,0,0,0,0,1,2,2,60623
1,0,0,0,0,0,1,1,0,0,0,0,1,6,7,15232
0,0,0,1,0,1,0,1,0,0,0,0,1,3,5,30013
0,0,1,0,0,0,0,1,0,0,0,0,1,0,2,19810
0,0,0,1,1,0,0,1,0,0,0,0,1,3,5,16510
0,0,0,1,0,0,0,0,1,0,0,0,1,3,4,32301
0,1,0,0,0,1,0,0,1,0,0,0,1,4,3,32713
0,1,0,0,0,0,0,0,1,0,0,0,1,3,3,30043
1,1,0,0,0,0,1,0,1,0,0,0,1,5,7,60178
0,1,1,1,1,1,0,1,1,0,0,0,1,3,6,8077
0,0,0,1,0,0,0,1,1,0,0,0,1,3,3,10451
0,0,0,1,0,0,0,1,1,0,0,0,1,2,3,11572
0,0,0,0,0,0,1,1,1,0,0,0,1,0,8,15213
0,0,0,0,0,0,1,1,1,0,0,0,1,5,8,15116
0,0,0,0,0,0,1,1,1,0,0,0,1,6,7,85281
0,0,0,0,0,0,1,1,1,0,0,0,1,0,7,85281
0,0,0,0,1,0,0,1,1,0,0,0,1,0,7,53005
0,0,0,0,0,0,1,1,1,0,0,0,1,5,8,85281
0,0,1,1,1,1,0,1,1,0,0,0,1,6,6,85282
0,0,0,1,0,0,0,0,0,1,0,0,1,3,4,29356
0,0,1,0,0,1,0,1,0,1,0,0,1,3,3,7834
0,0,0,1,0,0,0,1,0,1,0,0,1,5,4,15042
0,1,1,0,0,0,0,1,0,1,0,0,1,6,6,15207
0,1,1,1,1,1,0,1,0,1,0,0,1,3,2,55112
0,0,1,0,1,1,0,0,1,1,0,0,1,5,5,8501
0,0,1,0,0,1,0,0,0,0,1,0,1,3,4,2906
0,0,0,1,0,0,1,0,0,0,1,0,1,6,7,15238
0,1,0,0,0,0,1,0,0,0,1,0,1,6,8,85281
0,1,0,0,0,0,1,0,0,0,1,0,1,6,8,85281
0,0,0,1,0,0,0,1,0,0,1,0,1,0,6,13118
0,0,0,1,0,0,0,1,0,0,1,0,1,2,6,33304
0,0,0,1,0,0,0,1,0,0,1,0,1,6,6,75206
0,0,0,1,0,0,0,1,0,0,1,0,1,2,8,15120
0,0,0,1,0,0,0,1,0,0,1,0,1,4,7,95722
0,0,0,1,1,0,0,1,0,0,1,0,1,1,7,50014
1,0,0,1,0,0,0,1,0,0,1,0,1,2,8,15120
0,0,0,1,0,0,0,1,0,0,1,0,1,4,7,43209
0,0,0,1,0,0,0,1,0,0,1,0,1,3,6,15212
0,0,0,1,0,0,0,1,0,0,1,0,1,5,6,7726
0,0,0,1,0,0,0,1,0,0,1,0,1,6,4,33141
0,0,0,0,1,0,0,1,0,0,1,0,1,1,6,53546
0,0,1,1,0,1,0,1,0,0,1,0,1,0,3,60074
0,0,0,1,0,0,1,1,0,0,1,0,1,2,8,15211
0,0,0,0,0,0,1,1,0,0,1,0,1,6,8,85281
0,0,0,1,1,0,0,1,0,0,1,0,1,0,6,92154
0,1,1,0,0,0,0,0,1,0,1,0,1,5,7,97420
0,0,0,1,0,0,0,0,1,0,1,0,1,3,7,27406
0,0,1,1,0,0,0,0,1,0,1,0,1,4,6,46231
1,0,0,0,0,0,0,1,1,0,1,0,1,6,4,98126
0,0,0,1,0,0,0,1,1,0,1,0,1,3,6,7603
0,0,0,1,0,0,0,1,1,0,1,0,1,5,4,8817
0,0,0,1,0,1,0,1,1,0,1,0,1,1,4,8075
0,0,0,1,0,0,0,1,1,0,1,0,1,5,5,30011
0,0,0,1,1,1,0,1,1,0,1,0,1,3,7,62234
0,0,0,1,0,0,0,1,1,0,1,0,1,5,5,91911
0,0,0,0,1,0,0,1,1,0,1,0,1,3,3,32822
0,0,0,0,1,0,0,1,1,0,1,0,1,3,3,11702
0,0,0,1,0,0,0,1,1,0,1,0,1,3,6,15212
0,0,0,1,1,0,0,1,1,0,1,0,1,0,7,15213
0,0,0,1,1,1,0,1,1,0,1,0,1,0,7,16105
0,0,0,1,0,0,0,1,1,0,1,0,1,3,6,95387
0,0,1,1,1,0,0,1,1,0,1,0,1,5,4,29456
0,0,0,0,0,0,1,1,1,0,1,0,1,5,7,15221
1,0,0,0,0,0,1,1,1,0,1,0,1,0,8,15642
0,0,0,0,0,0,1,1,1,0,1,0,1,0,8,15015
0,0,0,0,0,0,1,1,1,0,1,0,1,3,7,15215
0,0,0,0,0,0,1,1,1,0,1,0,1,5,7,15237
0,0,0,1,0,0,1,1,1,0,1,0,1,3,8,15211
1,0,0,0,0,0,1,1,1,0,1,0,1,5,7,16601
0,0,0,0,0,0,1,1,1,0,1,0,1,5,8,85281
1,1,0,1,0,0,1,1,1,0,1,0,1,4,8,85281
0,0,0,0,0,0,1,1,1,0,1,0,1,6,8,85281
0,0,0,0,0,0,1,1,1,0,1,0,1,6,8,85281
0,0,0,0,0,0,1,1,1,0,1,0,1,6,7,85281
0,0,0,0,0,0,1,1,1,0,1,0,1,6,8,85281
0,0,0,1,0,0,0,1,1,0,1,0,1,4,3,60491
0,0,0,1,0,1,0,1,1,0,1,0,1,4,5,60013
0,0,0,0,0,0,1,1,1,0,1,0,1,6,8,85281
0,0,0,0,0,0,1,1,1,0,1,0,1,6,8,85281
0,0,0,0,0,0,1,1,1,0,1,0,1,6,8,85281
1,0,0,0,0,0,0,0,0,1,1,0,1,5,4,12206
0,0,1,0,0,1,0,0,0,1,1,0,1,4,6,8205
0,0,0,1,1,0,0,1,0,1,1,0,1,4,6,85282
0,0,0,0,0,0,1,0,1,1,1,0,1,4,7,15221
0,1,1,0,0,1,0,1,1,1,1,0,1,0,5,8540
0,0,0,1,0,0,0,1,1,1,1,0,1,4,6,8817
0,0,1,0,0,1,0,1,1,1,1,0,1,0,5,80918
0,0,0,0,1,0,0,1,1,1,1,0,1,3,4,7631
0,0,1,0,0,1,0,1,1,1,1,0,1,1,2,15001
0,0,0,1,1,0,0,1,1,1,1,0,1,0,6,18411
0,0,1,0,0,1,0,1,1,1,1,0,1,1,4,15222
0,0,1,1,0,0,0,1,1,1,1,0,1,3,5,8882
0,0,1,1,0,0,0,1,1,1,1,0,1,1,4,19565
0,0,0,1,0,0,0,1,1,1,1,0,1,0,6,60169
0,0,1,0,0,0,0,1,1,1,1,0,1,6,3,35211
0,0,1,1,0,0,0,0,0,0,0,1,1,5,3,33458
0,0,0,1,1,1,0,0,0,0,0,1,1,6,5,94582
1,0,0,1,1,1,0,0,0,0,0,1,1,3,7,53036
0,0,0,1,0,0,0,0,0,0,0,1,1,3,7,84401
0,0,0,1,0,0,0,0,0,0,0,1,1,5,4,15235
0,0,1,0,0,0,0,0,0,0,0,1,1,6,7,43221
0,0,0,1,0,0,0,1,0,0,0,1,1,6,7,8751
1,0,0,1,0,0,0,1,0,0,0,1,1,6,6,66047
0,0,0,1,1,1,0,1,0,0,0,1,1,0,5,92301
0,0,1,0,0,0,0,1,0,0,0,1,1,4,5,20745
0,0,0,0,1,0,0,1,0,0,0,1,1,4,5,19063
1,1,0,0,0,0,0,1,0,0,0,1,1,4,4,11201
0,0,0,0,0,0,1,1,0,0,0,1,1,3,7,15224
0,0,0,0,0,0,1,1,0,0,0,1,1,0,7,15241
1,0,0,1,0,1,1,1,0,0,0,1,1,6,7,60618
0,1,0,1,1,1,0,1,0,0,0,1,1,4,5,60126
1,0,1,1,1,1,0,1,0,0,0,1,1,4,5,16693
0,1,0,0,0,0,0,0,1,0,0,1,1,4,7,91367
0,0,0,1,1,1,0,0,1,0,0,1,1,3,3,11373
0,0,0,1,0,0,0,0,1,0,0,1,1,4,7,80016
0,0,0,1,0,0,0,1,1,0,0,1,1,3,4,83301
0,0,0,1,0,0,0,1,1,0,0,1,1,4,7,8088
0,0,1,0,0,1,0,1,1,0,0,1,1,3,7,8083
1,0,1,1,1,1,0,1,1,0,0,1,1,4,7,3104
0,0,0,1,0,0,0,1,1,0,0,1,1,5,4,11105
0,1,0,0,0,0,0,1,1,0,0,1,1,4,4,10701
1,1,0,0,0,0,0,1,1,0,0,1,1,4,4,48183
0,0,0,1,0,0,0,1,1,0,0,1,1,3,3,95101
0,0,0,1,0,0,0,1,1,0,0,1,1,3,6,75773
0,0,0,1,1,1,0,1,1,0,0,1,1,6,6,13850
0,0,0,1,1,1,0,1,1,0,0,1,1,6,6,13850
0,0,0,1,0,0,1,1,1,0,0,1,1,5,7,17728
0,0,0,0,0,0,1,1,1,0,0,1,1,5,7,85281
0,0,0,1,0,0,0,1,1,0,0,1,1,0,7,54476
1,0,1,1,0,0,1,1,1,0,0,1,1,0,6,92154
0,0,0,1,0,0,0,1,1,0,0,1,1,0,8,55313
0,0,1,1,1,1,1,1,1,0,0,1,1,4,3,55113
0,0,0,1,0,0,0,0,0,1,0,1,1,3,3,10038
0,1,1,1,1,1,0,1,0,1,0,1,1,0,6,85083
1,0,0,0,0,0,0,1,0,1,0,1,1,4,3,11234
0,0,1,0,0,0,0,1,0,1,0,1,1,5,4,55343
0,1,1,0,0,0,0,1,0,1,0,1,1,4,4,8876
1,0,0,0,0,0,0,1,0,1,0,1,1,6,5,94117
0,0,1,0,0,1,0,0,1,1,0,1,1,6,7,7762
0,0,0,0,0,1,0,1,1,1,0,1,1,4,6,8734
0,1,0,0,0,0,0,1,1,1,0,1,1,0,3,94519
0,0,0,1,1,0,0,1,1,1,0,1,1,1,4,8560
0,0,0,0,0,1,0,1,1,1,0,1,1,6,1,8759
0,0,0,0,0,0,1,1,1,1,0,1,1,6,8,85281
0,0,0,1,0,0,0,1,1,1,0,1,1,6,2,60192
1,0,1,1,1,1,0,1,1,1,0,1,1,0,2,80017
0,0,0,1,1,0,0,0,0,0,1,1,1,6,7,17013
0,0,0,0,0,1,0,0,0,0,1,1,1,2,7,13323
0,0,0,1,0,0,0,0,0,0,1,1,1,0,5,60657
0,0,0,1,0,0,1,0,0,0,1,1,1,0,7,50702
0,0,0,1,0,0,0,1,0,0,1,1,1,3,6,8751
0,0,0,1,0,0,0,1,0,0,1,1,1,3,7,92532
0,0,0,0,0,1,0,1,0,0,1,1,1,3,6,17042
0,0,0,1,1,1,0,1,0,0,1,1,1,3,7,47720
0,0,0,1,1,1,0,1,0,0,1,1,1,0,6,53132
0,0,0,1,0,0,0,1,0,0,1,1,1,3,7,35593
0,1,0,1,0,0,0,1,0,0,1,1,1,6,7,78753
0,0,0,1,0,0,0,1,0,0,1,1,1,5,8,80247
0,0,0,1,1,0,0,1,0,0,1,1,1,1,6,15212
0,0,1,1,0,0,0,1,0,0,1,1,1,1,5,65201
0,0,0,0,0,1,0,1,0,0,1,1,1,0,5,8334
0,1,0,1,0,0,0,1,0,0,1,1,1,2,7,7018
0,1,0,1,0,0,0,1,0,0,1,1,1,1,5,7018
0,0,0,1,0,0,0,1,0,0,1,1,1,3,4,8882
0,0,0,1,1,1,0,1,0,0,1,1,1,0,5,16823
0,0,0,1,0,0,0,1,0,0,1,1,1,4,6,85028
0,0,0,0,0,0,1,1,0,0,1,1,1,4,7,15143
0,0,0,0,0,0,1,1,0,0,1,1,1,4,7,15217
0,0,0,1,1,1,1,1,0,0,1,1,1,5,7,15205
0,0,0,0,0,0,1,1,0,0,1,1,1,4,7,15206
0,0,1,0,0,0,0,1,0,0,1,1,1,3,8,15217
0,0,0,0,0,0,1,1,0,0,1,1,1,4,7,15220
1,0,0,1,0,0,1,1,0,0,1,1,1,6,5,50023
0,0,0,1,0,0,1,1,0,0,1,1,1,5,7,60178
0,0,0,0,1,1,0,1,0,0,1,1,1,2,3,60056
0,0,0,1,0,0,0,1,0,0,1,1,1,0,7,61081
0,0,0,0,0,1,0,1,0,0,1,1,1,2,3,60016
0,0,0,1,0,0,0,1,0,0,1,1,1,4,7,60102
0,0,0,1,1,0,1,1,0,0,1,1,1,4,8,60620
0,0,0,0,0,0,1,1,0,0,1,1,1,0,7,85281
0,0,0,1,0,0,0,1,0,0,1,1,1,1,8,93591
0,0,0,1,1,0,1,1,0,0,1,1,1,0,7,15211
1,1,0,0,0,0,0,1,0,0,1,1,1,4,3,95207
0,0,0,0,0,0,1,1,0,0,1,1,1,4,7,55313
0,0,0,1,1,0,0,0,1,0,1,1,1,0,5,15226
0,1,0,1,0,0,0,0,1,0,1,1,1,4,7,43123
0,0,0,1,0,1,0,1,1,0,1,1,1,0,6,33139
0,0,0,1,0,0,0,1,1,0,1,1,1,0,7,53122
0,0,0,0,0,1,0,1,1,0,1,1,1,0,6,89011
0,0,0,1,0,0,0,1,1,0,1,1,1,4,8,15301
0,0,0,1,1,1,0,1,1,0,1,1,1,0,7,17078
0,0,0,1,0,0,0,1,1,0,1,1,1,5,7,33713
0,0,1,0,0,0,0,1,1,0,1,1,1,0,7,7924
0,0,0,1,0,0,0,1,1,0,1,1,1,1,7,8831
1,1,0,1,0,0,0,1,1,0,1,1,1,4,7,8054
0,0,0,1,0,0,0,1,1,0,1,1,1,1,7,8831
1,1,0,1,0,0,0,1,1,0,1,1,1,5,6,98360
0,0,0,1,1,1,0,1,1,0,1,1,1,2,6,92335
0,1,0,0,0,0,0,1,1,0,1,1,1,0,7,90808
0,1,0,0,0,0,0,1,1,0,1,1,1,0,6,90706
1,1,1,1,0,1,0,1,1,0,1,1,1,0,4,91710
1,1,1,0,0,1,0,1,1,0,1,1,1,0,4,91710
0,1,0,0,0,0,0,1,1,0,1,1,1,0,7,92107
0,1,0,0,0,0,0,1,1,0,1,1,1,6,7,93455
0,1,0,0,0,0,0,1,1,0,1,1,1,3,6,7035
0,0,0,0,1,0,0,1,1,0,1,1,1,6,5,7470
0,0,0,1,0,1,0,1,1,0,1,1,1,1,5,92806
0,0,0,1,1,0,0,1,1,0,1,1,1,0,5,2038
0,0,0,0,0,1,0,1,1,0,1,1,1,0,6,70117
0,1,0,1,1,1,0,1,1,0,1,1,1,6,3,44256
0,0,0,1,0,0,0,1,1,0,1,1,1,0,6,18018
0,0,0,1,0,0,0,1,1,0,1,1,1,4,5,53968
0,0,1,1,1,1,0,1,1,0,1,1,1,0,5,12180
0,0,0,1,0,0,0,1,1,0,1,1,1,4,6,98580
0,0,0,1,1,1,0,1,1,0,1,1,1,1,6,38771
0,0,0,1,0,0,0,1,1,0,1,1,1,0,6,7712
0,0,0,0,1,0,0,1,1,0,1,1,1,3,4,38106
0,0,0,1,0,1,0,1,1,0,1,1,1,6,6,0
0,0,0,1,1,1,0,1,1,0,1,1,1,0,8,10314
0,0,0,1,0,0,0,1,1,0,1,1,1,3,7,15136
0,0,0,1,0,0,0,1,1,0,1,1,1,0,7,15206
0,0,0,1,1,0,0,1,1,0,1,1,1,4,7,53073
0,0,0,1,0,0,0,1,1,0,1,1,1,0,7,15905
0,0,0,1,1,0,0,1,1,0,1,1,1,4,6,21244
0,0,0,1,0,0,0,1,1,0,1,1,1,1,4,19115
1,0,0,1,0,0,0,1,1,0,1,1,1,4,8,15301
0,0,0,1,1,1,0,1,1,0,1,1,1,4,7,85737
0,0,0,1,0,0,0,1,1,0,1,1,1,2,6,53202
0,0,0,1,1,0,0,1,1,0,1,1,1,6,8,23185
0,0,0,1,0,0,0,1,1,0,1,1,1,4,6,85028
1,0,0,1,0,0,0,1,1,0,1,1,1,2,8,15206
0,0,0,1,0,0,0,1,1,0,1,1,1,2,5,16066
0,0,0,1,0,0,0,1,1,0,1,1,1,1,7,16226
0,1,1,1,1,1,0,1,1,0,1,1,1,6,5,16635
0,0,0,1,0,0,0,1,1,0,1,1,1,5,8,67002
0,0,0,1,0,0,0,1,1,0,1,1,1,1,6,38771
0,0,0,1,0,0,0,1,1,0,1,1,1,0,8,28031
0,0,0,1,1,1,0,1,1,0,1,1,1,1,5,15210
0,0,0,1,0,0,0,1,1,0,1,1,1,3,7,47720
0,0,1,0,0,0,0,1,1,0,1,1,1,1,5,15235
0,0,0,1,0,0,0,1,1,0,1,1,1,3,7,15136
0,0,0,1,0,1,0,1,1,0,1,1,1,3,4,16428
0,1,0,1,1,1,0,1,1,0,1,1,1,6,7,22308
0,0,0,1,1,1,0,1,1,0,1,1,1,6,5,23325
0,0,0,1,0,0,0,1,1,0,1,1,1,1,6,15215
0,0,0,1,0,0,0,1,1,0,1,1,1,2,8,15206
0,0,0,1,0,0,0,1,1,0,1,1,1,6,6,60448
1,0,1,0,0,1,0,1,1,0,1,1,1,1,3,15666
0,0,0,1,0,0,0,1,1,0,1,1,1,6,6,15101
0,0,0,1,0,0,0,1,1,0,1,1,1,1,3,15235
0,0,0,1,0,0,0,1,1,0,1,1,1,3,6,44514
0,0,0,1,0,0,0,1,1,0,1,1,1,6,5,37748
0,0,0,1,1,0,0,1,1,0,1,1,1,6,8,23185
0,0,0,1,0,0,0,1,1,0,1,1,1,0,5,15201
0,0,0,1,1,1,0,1,1,0,1,1,1,6,6,15203
0,0,0,1,1,1,0,1,1,0,1,1,1,0,8,10314
0,0,0,1,0,0,0,1,1,0,1,1,1,3,4,7018
0,0,1,0,0,0,0,1,1,0,1,1,1,6,4,8753
0,0,0,1,0,0,0,1,1,0,1,1,1,6,6,7920
1,0,0,1,0,0,0,1,1,0,1,1,1,6,8,34684
0,0,0,1,0,0,0,1,1,0,1,1,1,3,6,21009
0,0,0,1,0,0,0,1,1,0,1,1,1,5,6,19802
0,0,0,1,1,1,0,1,1,0,1,1,1,5,8,61704
0,0,0,1,0,0,0,1,1,0,1,1,1,0,7,8501
0,0,0,1,0,0,0,1,1,0,1,1,1,3,6,19137
0,0,0,1,1,1,0,1,1,0,1,1,1,1,6,19063
0,0,0,1,1,1,0,1,1,0,1,1,1,1,7,18064
0,0,0,1,0,0,0,1,1,0,1,1,1,6,7,8053
0,0,0,1,1,1,0,1,1,0,1,1,1,1,5,89408
0,0,0,0,1,1,1,1,1,0,1,1,1,0,8,33027
0,0,0,1,1,1,0,1,1,0,1,1,1,0,6,95757
0,1,0,0,0,0,1,1,1,0,1,1,1,4,5,96813
0,0,0,0,0,0,1,1,1,0,1,1,1,6,7,15668
0,1,0,0,0,0,1,1,1,0,1,1,1,0,7,15237
0,0,0,0,0,0,1,1,1,0,1,1,1,5,8,15222
0,0,0,0,0,0,1,1,1,0,1,1,1,5,8,98144
0,0,0,0,0,0,1,1,1,0,1,1,1,0,7,16154
0,0,0,0,0,0,1,1,1,0,1,1,1,4,7,15228
0,0,0,0,0,0,1,1,1,0,1,1,1,3,7,15243
0,0,0,0,0,0,1,1,1,0,1,1,1,5,7,15108
0,0,0,0,0,0,1,1,1,0,1,1,1,4,7,15642
0,0,0,0,0,0,1,1,1,0,1,1,1,5,7,15201
0,0,0,0,0,0,1,1,1,0,1,1,1,3,8,15227
0,0,0,0,0,0,1,1,1,0,1,1,1,6,7,15228
0,0,0,0,0,0,1,1,1,0,1,1,1,5,7,15226
0,0,0,0,0,0,1,1,1,0,1,1,1,0,7,15061
0,0,0,1,0,0,0,1,1,0,1,1,1,4,7,15206
0,0,0,0,0,0,1,1,1,0,1,1,1,3,8,15243
0,0,0,0,0,0,1,1,1,0,1,1,1,0,8,16412
0,0,0,0,0,0,1,1,1,0,1,1,1,5,7,15143
0,0,0,0,0,0,1,1,1,0,1,1,1,6,7,16335
0,0,0,0,0,0,1,1,1,0,1,1,1,3,7,15071
0,0,0,0,0,0,1,1,1,0,1,1,1,0,7,16105
0,0,0,0,0,0,1,1,1,0,1,1,1,0,7,15044
0,0,0,0,0,0,1,1,1,0,1,1,1,6,8,15243
0,0,0,0,0,0,1,1,1,0,1,1,1,4,8,15241
0,0,0,1,1,0,0,1,1,0,1,1,1,0,6,15613
0,0,1,1,0,0,0,1,1,0,1,1,1,2,6,77833
0,0,0,1,0,0,0,1,1,0,1,1,1,6,8,15243
0,0,0,0,0,0,1,1,1,0,1,1,1,3,7,15301
0,0,0,0,0,0,1,1,1,0,1,1,1,0,7,15102
0,0,0,0,0,0,1,1,1,0,1,1,1,5,8,7461
0,0,0,0,0,0,1,1,1,0,1,1,1,6,8,85281
1,0,0,0,0,0,1,1,1,0,1,1,1,0,8,85281
0,0,0,0,0,0,1,1,1,0,1,1,1,4,7,49534
0,0,0,0,0,0,1,1,1,0,1,1,1,4,8,85281
0,0,0,0,0,0,1,1,1,0,1,1,1,6,8,85281
0,1,0,1,0,0,0,1,1,0,1,1,1,0,7,85281
0,0,0,1,0,0,0,1,1,0,1,1,1,5,4,46342
0,0,0,0,0,0,1,1,1,0,1,1,1,6,8,60010
0,0,0,1,0,0,0,1,1,0,1,1,1,0,7,60805
0,0,0,0,0,0,1,1,1,0,1,1,1,5,7,60618
0,0,0,1,0,0,0,1,1,0,1,1,1,4,6,15066
0,0,0,1,1,1,0,1,1,0,1,1,1,4,6,46112
0,0,1,1,1,1,0,1,1,0,1,1,1,3,4,35226
0,0,0,0,0,0,1,1,1,0,1,1,1,3,7,85381
0,0,0,0,0,0,1,1,1,0,1,1,1,5,7,85281
0,1,0,0,0,0,0,1,1,0,1,1,1,6,8,85288
0,0,0,0,0,0,1,1,1,0,1,1,1,0,8,85281
0,1,0,0,0,0,0,1,1,0,1,1,1,6,8,85288
1,0,0,0,0,0,1,1,1,0,1,1,1,6,8,85281
0,0,0,0,0,0,1,1,1,0,1,1,1,6,8,85281
0,0,0,1,0,0,0,1,1,0,1,1,1,6,8,85281
0,0,0,1,0,0,0,1,1,0,1,1,1,4,5,27105
0,0,0,1,0,0,0,1,1,0,1,1,1,0,5,28144
0,1,1,1,1,1,0,1,1,0,1,1,1,6,5,30011
0,0,0,1,0,0,0,1,1,0,1,1,1,2,6,45458
1,1,1,1,1,0,1,1,1,0,1,1,1,5,7,623
0,0,0,1,1,0,0,1,1,0,1,1,1,0,6,38771
0,0,0,1,1,1,0,1,1,0,1,1,1,4,7,44057
1,0,0,1,1,0,0,1,1,0,1,1,1,5,6,85745
0,0,0,1,0,1,0,1,1,0,1,1,1,0,5,33647
1,1,0,0,0,0,0,1,1,0,1,1,1,3,7,27811
0,0,0,1,0,0,0,1,1,0,1,1,1,1,4,85355
1,0,0,0,0,0,1,1,1,0,1,1,1,4,8,37027
1,0,0,0,0,0,1,1,1,0,1,1,1,4,8,37027
0,0,0,0,0,0,1,1,1,0,1,1,1,4,8,15241
0,0,0,1,0,0,0,1,1,0,1,1,1,5,6,63368
0,0,0,1,0,0,1,1,1,0,1,1,1,4,7,55313
0,0,0,1,0,0,0,1,1,0,1,1,1,6,5,78009
0,0,0,1,1,1,0,1,1,0,1,1,1,6,6,27527
0,0,0,1,0,1,0,0,0,1,1,1,1,3,4,47358
0,0,0,1,0,0,0,0,0,1,1,1,1,5,1,60173
0,0,0,1,0,0,0,1,0,1,1,1,1,6,5,91915
0,0,1,1,0,0,0,1,0,1,1,1,1,1,7,22101
0,0,0,1,0,0,0,1,0,1,1,1,1,0,6,8051
0,1,0,0,0,0,0,1,0,1,1,1,1,0,3,20194
0,0,0,1,0,0,0,1,0,1,1,1,1,0,6,32141
0,0,0,1,1,0,0,1,0,1,1,1,1,2,6,15212
0,0,0,1,0,1,0,1,0,1,1,1,1,0,4,18504
0,1,0,1,0,1,0,1,0,1,1,1,1,4,6,15236
0,0,0,1,1,0,0,1,0,1,1,1,1,6,4,1776
0,1,0,1,1,1,0,1,0,1,1,1,1,2,6,8088
0,0,1,1,1,1,1,1,0,1,1,1,1,6,8,15203
0,1,0,1,0,0,1,1,0,1,1,1,1,6,8,85281
0,0,0,1,0,0,0,1,0,1,1,1,1,2,6,66956
0,0,0,1,1,0,0,1,0,1,1,1,1,2,2,2356
0,0,1,0,0,1,0,1,0,1,1,1,1,0,2,63119
0,0,0,1,0,0,0,1,0,1,1,1,1,3,6,60804
0,0,0,1,0,0,0,1,0,1,1,1,1,6,4,60053
0,0,0,1,0,0,0,1,0,1,1,1,1,6,5,60515
0,0,0,1,0,0,0,1,0,1,1,1,1,5,7,60615
0,0,1,0,0,1,0,0,1,1,1,1,1,0,6,7960
1,1,1,1,1,1,0,0,1,1,1,1,1,0,2,93305
0,0,0,1,0,0,0,0,1,1,1,1,1,3,3,60016
0,0,1,1,1,0,0,0,1,1,1,1,1,1,4,43952
0,0,0,1,0,0,0,1,1,1,1,1,1,6,3,15122
0,0,0,1,0,0,0,1,1,1,1,1,1,4,4,15068
0,0,1,0,0,1,0,1,1,1,1,1,1,1,3,15010
0,0,0,1,0,0,0,1,1,1,1,1,1,5,4,23188
0,0,0,1,0,0,0,1,1,1,1,1,1,6,6,19610
0,0,0,1,0,0,0,1,1,1,1,1,1,6,7,77573
1,0,1,1,0,0,0,1,1,1,1,1,1,4,4,98105
0,1,0,0,0,0,0,1,1,1,1,1,1,2,3,92617
0,0,0,1,0,1,0,1,1,1,1,1,1,5,7,33706
0,0,0,1,1,0,0,1,1,1,1,1,1,6,5,98005
0,0,0,1,1,1,0,1,1,1,1,1,1,1,3,67101
1,0,0,1,0,0,0,1,1,1,1,1,1,5,4,15147
0,0,0,0,0,1,0,1,1,1,1,1,1,5,6,8816
0,0,1,0,0,0,0,1,1,1,1,1,1,6,5,8840
0,0,0,1,1,1,0,1,1,1,1,1,1,4,7,8691
1,0,1,1,0,1,0,1,1,1,1,1,1,0,7,7460
0,0,0,1,0,0,0,1,1,1,1,1,1,0,3,8902
1,1,1,1,0,1,0,1,1,1,1,1,1,5,5,8889
0,0,0,0,0,1,0,1,1,1,1,1,1,6,6,20744
0,0,1,0,1,1,0,1,1,1,1,1,1,0,5,7834
0,0,1,0,1,1,0,1,1,1,1,1,1,6,5,8318
0,1,0,0,0,0,0,1,1,1,1,1,1,3,4,7003
0,0,1,0,0,0,0,1,1,1,1,1,1,6,3,8033
1,1,1,1,1,1,0,1,1,1,1,1,1,0,5,7444
0,1,1,0,0,1,0,1,1,1,1,1,1,0,5,92647
0,0,0,1,0,0,0,1,1,1,1,1,1,6,5,7307
1,1,1,1,1,1,0,1,1,1,1,1,1,3,6,15102
0,0,0,1,0,0,0,1,1,1,1,1,1,0,4,92336
0,1,0,0,0,0,0,1,1,1,1,1,1,3,2,91706
0,1,0,0,0,0,0,1,1,1,1,1,1,6,6,92009
0,0,0,1,1,1,0,1,1,1,1,1,1,2,6,33709
1,1,0,0,0,0,0,1,1,1,1,1,1,3,7,90631
0,1,0,0,0,0,0,1,1,1,1,1,1,6,5,72205
1,1,0,0,0,0,0,1,1,1,1,1,1,3,6,98201
0,1,0,0,0,0,0,1,1,1,1,1,1,0,6,93309
0,1,0,0,0,0,0,1,1,1,1,1,1,3,5,90805
1,1,0,0,0,0,0,1,1,1,1,1,1,4,6,91367
0,1,1,0,0,0,0,1,1,1,1,1,1,1,5,92336
0,1,0,0,0,0,0,1,1,1,1,1,1,6,6,17033
0,1,0,0,0,0,0,1,1,1,1,1,1,5,7,91504
0,0,1,0,0,1,0,1,1,1,1,1,1,4,6,7737
0,1,0,0,0,0,0,1,1,1,1,1,1,4,7,91367
0,0,0,1,0,0,0,1,1,1,1,1,1,3,2,30141
0,1,0,0,0,0,0,1,1,1,1,1,1,5,5,90715
0,0,0,1,0,0,0,1,1,1,1,1,1,0,5,92301
0,1,0,0,0,0,0,1,1,1,1,1,1,5,5,91704
0,0,1,0,1,1,0,1,1,1,1,1,1,3,5,7753
0,1,0,0,0,0,0,1,1,1,1,1,1,4,4,73102
0,0,0,1,1,1,0,1,1,1,1,1,1,4,2,7039
0,0,0,0,0,1,0,1,1,1,1,1,1,6,7,8757
0,0,0,0,0,1,0,1,1,1,1,1,1,0,6,7421
0,0,1,0,1,1,0,1,1,1,1,1,1,5,6,7716
0,0,1,0,1,1,0,1,1,1,1,1,1,4,6,8755
0,0,1,1,1,1,0,1,1,1,1,1,1,1,3,92078
0,0,0,0,0,1,0,1,1,1,1,1,1,5,7,15206
0,0,0,1,0,0,0,1,1,1,1,1,1,4,3,19103
0,1,1,1,1,1,0,1,1,1,1,1,1,6,6,7417
0,0,1,0,0,1,0,1,1,1,1,1,1,6,6,7950
0,1,0,0,0,0,0,1,1,1,1,1,1,6,5,72205
0,0,0,1,1,1,0,1,1,1,1,1,1,0,4,48001
0,0,0,1,1,1,0,1,1,1,1,1,1,5,4,56340
0,0,0,1,0,1,0,1,1,1,1,1,1,6,4,81147
0,0,1,0,0,0,0,1,1,1,1,1,1,6,4,8230
0,0,1,0,0,0,0,1,1,1,1,1,1,4,4,8873
0,0,0,1,1,1,0,1,1,1,1,1,1,5,5,32750
0,0,0,1,0,0,0,1,1,1,1,1,1,2,3,35401
0,0,0,1,0,0,0,1,1,1,1,1,1,3,4,37203
1,1,1,1,1,1,0,1,1,1,1,1,1,3,4,7039
0,0,1,0,0,0,0,1,1,1,1,1,1,1,7,30044
0,0,0,1,0,0,0,1,1,1,1,1,1,5,7,7036
0,0,1,0,0,0,0,1,1,1,1,1,1,1,4,7920
0,0,1,1,0,0,0,1,1,1,1,1,1,2,3,15206
0,0,0,1,0,0,0,1,1,1,1,1,1,5,4,30907
0,0,0,1,0,0,0,1,1,1,1,1,1,3,7,97471
0,0,0,1,0,0,0,1,1,1,1,1,1,5,6,44146
0,0,0,1,0,0,0,1,1,1,1,1,1,3,5,75090
0,0,0,1,0,0,0,1,1,1,1,1,1,1,6,95204
1,0,0,0,0,0,0,1,1,1,1,1,1,5,3,45069
0,0,0,0,1,0,0,1,1,1,1,1,1,3,4,7109
1,1,1,1,1,1,0,1,1,1,1,1,1,2,3,94043
0,0,0,1,0,0,0,1,1,1,1,1,1,6,6,95045
0,0,0,1,1,1,0,1,1,1,1,1,1,4,4,12203
0,0,0,1,0,0,0,1,1,1,1,1,1,6,5,94127
0,0,0,1,0,0,0,1,1,1,1,1,1,5,4,95340
0,0,0,1,1,0,0,1,1,1,1,1,1,3,4,10701
0,0,0,0,0,1,0,1,1,1,1,1,1,0,6,60103
0,0,0,1,0,0,0,1,1,1,1,1,1,0,6,1862
0,0,0,1,0,1,0,1,1,1,1,1,1,4,3,30318
0,0,0,1,1,1,0,1,1,1,1,1,1,0,3,16002
1,0,0,1,0,0,0,1,1,1,1,1,1,3,7,28217
0,0,0,1,0,0,0,1,1,1,1,1,1,6,6,15905
0,1,0,0,0,0,0,1,1,1,1,1,1,5,5,16509
0,1,0,0,0,0,0,1,1,1,1,1,1,4,4,12047
0,0,0,1,1,1,0,1,1,1,1,1,1,1,4,32132
0,0,0,0,0,1,0,1,1,1,1,1,1,1,4,17403
0,0,0,1,1,0,0,1,1,1,1,1,1,6,4,80210
0,1,0,1,0,0,0,1,1,1,1,1,1,4,6,1852
0,0,0,1,0,0,0,1,1,1,1,1,1,4,6,49426
0,0,0,1,0,0,0,1,1,1,1,1,1,6,4,15120
0,0,0,1,0,0,0,1,1,1,1,1,1,5,7,94951
0,0,0,1,1,1,0,1,1,1,1,1,1,2,5,48187
0,0,0,1,0,1,0,1,1,1,1,1,1,4,4,12203
0,0,0,1,0,0,0,1,1,1,1,1,1,6,7,15122
1,0,0,1,1,0,0,1,1,1,1,1,1,6,6,15024
0,0,0,1,0,0,0,1,1,1,1,1,1,5,3,22314
0,0,0,1,0,0,0,1,1,1,1,1,1,5,8,19027
0,0,0,1,0,0,0,1,1,1,1,1,1,4,4,3055
0,1,0,0,0,0,0,1,1,1,1,1,1,4,6,65201
0,0,0,1,0,0,0,1,1,1,1,1,1,5,6,1077
0,0,0,1,0,0,0,1,1,1,1,1,1,6,6,21060
0,0,0,1,0,0,0,1,1,1,1,1,1,2,6,15211
0,0,0,1,0,0,0,1,1,1,1,1,1,3,5,77498
0,0,0,1,0,0,0,1,1,1,1,1,1,6,6,15137
0,0,1,1,1,0,0,1,1,1,1,1,1,4,2,8225
0,1,0,0,0,0,0,1,1,1,1,1,1,5,8,8046
0,0,0,1,0,0,0,1,1,1,1,1,1,0,4,8854
0,0,0,1,0,0,0,1,1,1,1,1,1,3,3,6040
0,0,0,0,1,1,0,1,1,1,1,1,1,5,4,7018
0,0,0,1,1,1,0,1,1,1,1,1,1,5,4,8619
0,0,1,1,0,0,0,1,1,1,1,1,1,0,2,6415
0,0,1,1,0,1,0,1,1,1,1,1,1,0,6,1776
0,0,0,1,0,0,0,1,1,1,1,1,1,4,2,8066
0,0,0,1,1,1,0,1,1,1,1,1,1,5,4,8825
0,1,1,1,1,1,0,1,1,1,1,1,1,5,5,19440
0,0,0,1,0,0,0,1,1,1,1,1,1,0,3,7030
0,0,0,1,1,0,0,1,1,1,1,1,1,3,4,11554
0,0,0,1,1,1,0,1,1,1,1,1,1,1,4,7663
0,0,0,1,0,0,0,1,1,1,1,1,1,3,5,10003
0,0,0,1,0,0,0,1,1,1,1,1,1,1,3,11201
0,0,0,1,0,0,0,1,1,1,1,1,1,3,3,11249
1,0,0,1,0,0,0,1,1,1,1,1,1,0,3,11358
0,0,1,1,1,1,0,1,1,1,1,1,1,5,4,7922
0,0,0,1,1,0,0,1,1,1,1,1,1,6,6,87122
0,0,0,1,0,0,0,1,1,1,1,1,1,0,4,18067
0,0,0,1,0,0,0,1,1,1,1,1,1,0,6,19476
0,0,0,1,1,1,0,1,1,1,1,1,1,0,2,11754
0,0,0,1,0,0,0,1,1,1,1,1,1,5,6,10472
0,0,0,1,0,0,0,1,1,1,1,1,1,6,3,3064
0,0,1,1,1,1,0,1,1,1,1,1,1,0,3,11691
0,0,0,1,0,0,0,1,1,1,1,1,1,3,4,8861
0,0,1,1,0,1,0,1,1,1,1,1,1,2,2,8057
0,0,1,1,1,1,0,1,1,1,1,1,1,3,4,7666
0,0,0,1,0,0,0,1,1,1,1,1,1,6,4,10901
0,0,0,1,0,0,0,1,1,1,1,1,1,4,6,19115
0,0,0,1,1,1,0,1,1,1,1,1,1,0,5,19124
0,0,0,1,1,0,0,1,1,1,1,1,1,5,4,15147
0,0,0,1,1,1,0,1,1,1,1,1,1,0,3,11691
1,0,0,1,0,0,1,1,1,1,1,1,1,6,6,22407
0,0,0,1,0,0,0,1,1,1,1,1,1,5,7,65201
0,0,0,1,0,0,0,1,1,1,1,1,1,5,5,98465
0,1,0,1,0,0,0,1,1,1,1,1,1,1,2,43201
0,0,0,1,1,1,0,1,1,1,1,1,1,2,4,85635
0,0,0,1,1,1,1,1,1,1,1,1,1,6,7,20715
0,0,0,1,1,1,0,1,1,1,1,1,1,6,2,15216
0,0,0,1,1,1,0,1,1,1,1,1,1,1,5,29440
0,1,0,0,0,0,0,1,1,1,1,1,1,5,4,30324
0,0,0,1,0,0,0,1,1,1,1,1,1,6,6,20852
0,0,0,0,0,0,1,1,1,1,1,1,1,0,7,15217
0,0,0,0,0,0,1,1,1,1,1,1,1,5,7,15071
0,0,0,0,0,0,1,1,1,1,1,1,1,2,7,15217
0,0,0,0,0,0,1,1,1,1,1,1,1,6,7,15217
0,0,0,0,0,0,1,1,1,1,1,1,1,3,7,15853
0,0,0,0,0,0,1,1,1,1,1,1,1,5,7,15217
0,0,0,0,0,0,1,1,1,1,1,1,1,6,7,15632
0,0,0,0,0,0,1,1,1,1,1,1,1,0,8,15228
0,0,0,0,0,0,1,1,1,1,1,1,1,3,7,15217
0,1,0,1,0,0,1,1,1,1,1,1,1,2,8,94043
0,0,0,0,0,0,1,1,1,1,1,1,1,3,7,15642
0,0,0,0,0,0,1,1,1,1,1,1,1,0,7,15235
0,0,0,1,0,0,0,1,1,1,1,1,1,4,6,80123
0,0,0,1,0,0,1,1,1,1,1,1,1,3,7,15136
0,0,1,1,0,1,0,1,1,1,1,1,1,0,4,15217
0,0,1,0,1,1,0,1,1,1,1,1,1,6,1,15217
0,0,0,0,0,0,1,1,1,1,1,1,1,6,7,85283
0,0,0,1,0,0,0,1,1,1,1,1,1,0,5,98195
0,0,0,1,0,0,0,1,1,1,1,1,1,4,5,54703
0,0,0,1,0,0,0,1,1,1,1,1,1,2,6,61104
0,0,0,0,0,1,0,1,1,1,1,1,1,6,5,60124
0,0,0,1,0,0,0,1,1,1,1,1,1,6,5,15613
0,0,0,1,0,0,0,1,1,1,1,1,1,2,5,60629
0,0,0,0,0,1,0,1,1,1,1,1,1,0,7,60056
0,0,0,1,0,0,0,1,1,1,1,1,1,4,5,53530
0,0,0,1,0,0,0,1,1,1,1,1,1,0,3,60616
0,0,0,1,0,0,0,1,1,1,1,1,1,4,7,60201
0,0,0,1,0,0,0,1,1,1,1,1,1,1,4,61341
0,0,0,1,0,0,0,1,1,1,1,1,1,6,6,60510
0,0,0,1,0,1,0,1,1,1,1,1,1,1,2,98005
0,1,0,0,0,0,0,1,1,1,1,1,1,6,2,10027
0,0,0,0,0,1,0,1,1,1,1,1,1,0,6,60563
0,1,0,0,0,0,0,1,1,1,1,1,1,2,3,32304
0,0,0,0,0,1,0,1,1,1,1,1,1,2,7,0
0,0,0,1,0,0,0,1,1,1,1,1,1,4,4,53536
0,0,0,1,1,1,0,1,1,1,1,1,1,2,3,91352
0,0,0,1,1,1,0,1,1,1,1,1,1,4,4,60046
0,0,1,1,0,0,0,1,1,1,1,1,1,6,5,60515
0,0,0,1,0,0,0,1,1,1,1,1,1,6,5,60515
0,0,0,1,0,0,0,1,1,1,1,1,1,5,3,60302
0,0,0,1,0,0,0,1,1,1,1,1,1,3,5,60119
0,0,0,1,0,0,0,1,1,1,1,1,1,0,6,63368
1,0,1,0,0,1,0,1,1,1,1,1,1,5,7,60439
0,0,1,1,1,1,0,1,1,1,1,1,1,5,3,60410
0,0,1,1,0,0,1,1,1,1,1,1,1,3,7,60193
0,0,0,1,0,0,0,1,1,1,1,1,1,6,7,53207
0,0,0,1,0,0,0,1,1,1,1,1,1,4,4,60455
0,0,1,1,1,1,0,1,1,1,1,1,1,5,4,60181
1,0,0,1,0,0,0,1,1,1,1,1,1,6,1,60615
0,0,0,1,1,1,0,1,1,1,1,1,1,5,4,60124
0,0,1,0,0,0,0,1,1,1,1,1,1,4,6,0
0,0,0,1,0,0,0,1,1,1,1,1,1,4,2,60954
0,0,0,1,1,1,0,1,1,1,1,1,1,5,4,60173
1,0,0,0,0,0,0,1,1,1,1,1,1,0,2,1603
0,0,0,1,1,0,0,1,1,1,1,1,1,1,2,80907
0,1,0,1,1,1,0,1,1,1,1,1,1,2,2,15206
1,0,1,1,1,1,0,1,1,1,1,1,1,4,2,19096
0,1,0,1,1,1,0,1,1,1,1,1,1,1,2,15213
0,0,0,1,0,1,0,1,1,1,1,1,1,5,4,74136
0,0,0,1,1,0,0,1,1,1,1,1,1,3,7,28144
0,0,0,1,1,0,0,1,1,1,1,1,1,4,6,90044
0,0,0,1,0,0,0,1,1,1,1,1,1,1,6,92543
0,0,0,1,0,0,0,1,1,1,1,1,1,6,6,23185
0,0,0,1,0,1,0,1,1,1,1,1,1,3,7,63136
0,0,0,1,1,1,0,1,1,1,1,1,1,0,3,84096
0,0,0,1,1,1,1,1,1,1,1,1,1,6,7,53122
0,0,0,1,0,0,0,1,1,1,1,1,1,5,4,97233
0,0,0,1,0,0,0,1,1,1,1,1,1,2,4,85282
0,0,0,1,0,1,0,1,1,1,1,1,1,2,3,36804
0,0,0,1,0,0,0,1,1,1,1,1,1,3,3,85716
0,0,0,0,0,1,0,1,1,1,1,1,1,2,3,80026
0,0,0,0,0,0,1,1,1,1,1,1,1,6,8,71261
0,0,0,0,0,0,1,1,1,1,1,1,1,6,8,71261
0,0,0,1,0,0,0,1,1,1,1,1,1,2,5,15216
0,0,0,1,1,1,1,1,1,1,1,1,1,0,6,15613
0,0,0,0,0,0,1,1,1,1,1,1,1,3,7,55313
0,0,0,1,0,0,0,1,1,1,1,1,1,0,4,75063
0,0,0,1,0,0,0,1,1,1,1,1,1,3,6,15012
1,1,1,1,1,1,0,1,1,1,1,1,1,0,5,55113
0,0,1,1,1,1,0,1,1,1,1,1,1,0,5,55126
0,0,1,0,0,0,0,1,1,1,1,1,1,1,4,15090
0,0,1,0,0,0,0,1,1,1,1,1,1,0,3,21206
0,0,0,1,1,1,0,1,1,1,1,1,1,0,3,15044
0,0,0,1,0,0,0,1,1,1,1,1,1,2,6,15208
0,0,0,1,0,0,0,1,1,1,1,1,1,4,3,16701
0,0,1,0,1,1,0,0,0,0,0,0,0,3,6,8876
0,0,0,1,0,0,0,0,0,0,0,0,0,0,6,60565
0,0,1,1,1,1,0,1,0,0,0,0,0,0,2,7852
0,0,0,1,0,0,0,1,0,0,0,0,0,3,7,15131
0,0,1,1,1,1,0,1,0,0,0,0,0,6,7,60012
0,0,0,1,1,1,0,1,1,0,0,0,0,0,6,20777
0,0,1,0,1,1,0,0,1,1,0,0,0,4,7,8857
0,0,1,1,1,0,0,1,0,0,1,0,0,0,7,15146
0,1,0,0,0,0,0,1,0,0,1,0,0,0,7,15033
0,0,1,1,0,0,0,1,1,0,1,1,0,6,7,0
0,0,0,1,0,0,0,1,1,0,1,1,0,4,7,60805
0,0,1,1,1,1,1,1,1,0,1,1,0,2,7,60640
0,0,0,1,0,0,0,0,0,1,1,1,0,0,5,33193
0,0,0,1,0,0,0,1,1,1,1,1,0,2,7,15001
0,0,0,1,0,0,0,0,0,0,0,0,1,3,6,97479
0,0,0,0,0,0,1,0,0,0,0,0,1,0,8,97527
0,0,0,1,0,0,0,0,0,0,0,0,1,4,6,29710
1,0,0,1,0,0,0,1,0,0,1,0,1,3,7,8831
0,0,0,0,0,0,1,1,1,0,1,0,1,6,8,7461
0,0,1,0,0,0,0,1,1,1,1,0,1,2,6,15220
0,1,0,0,0,0,1,1,1,0,0,1,1,4,8,85281
0,0,1,1,1,1,0,1,0,0,1,1,1,0,7,63136
0,0,0,1,1,1,0,1,1,0,1,1,1,2,6,16301
0,0,0,1,0,0,0,1,1,0,1,1,1,5,7,92234
0,0,0,0,0,0,1,1,1,0,1,1,1,0,7,15216
1,0,0,0,0,0,1,1,1,0,1,1,1,0,8,92656
0,0,0,1,0,0,0,1,1,0,1,1,1,1,4,60016
0,0,0,0,0,1,0,1,1,0,1,1,1,0,5,97470
0,0,0,0,0,1,0,1,1,1,1,1,1,6,5,22630
0,1,1,1,0,0,0,1,1,1,1,1,1,0,2,7747
0,0,0,1,1,0,0,1,1,1,1,1,1,6,7,89120
1,0,0,1,1,1,0,1,1,1,1,1,1,3,5,10310
0,0,0,1,0,0,0,1,1,1,1,1,1,6,3,94402
0,0,0,1,0,0,0,1,1,1,1,1,1,3,4,28078
0,0,0,1,1,0,0,1,1,1,1,1,1,3,7,36805
