eps1, min_samples1, n_clusters_, n_noise_
1, 12, 1, 897
1, 13, 0, 909
1, 14, 0, 909
1, 15, 0, 909
1, 16, 0, 909
1, 17, 0, 909
1, 18, 0, 909
1, 19, 0, 909
11, 1, 416, 0
11, 2, 139, 277
11, 3, 70, 415
11, 4, 35, 527
11, 5, 26, 566
11, 6, 17, 611
11, 7, 11, 650
11, 8, 10, 664
11, 9, 10, 667
11, 10, 6, 707
11, 11, 5, 718
11, 12, 4, 739
11, 13, 4, 739
11, 14, 4, 739
11, 15, 3, 753
11, 16, 3, 753
11, 17, 3, 753
11, 18, 2, 770
11, 19, 2, 770
21, 1, 345, 0
21, 2, 136, 209
21, 3, 73, 335
21, 4, 43, 427
21, 5, 25, 504
21, 6, 17, 547
21, 7, 17, 561
21, 8, 14, 583
21, 9, 13, 603
21, 10, 10, 635
21, 11, 9, 646
21, 12, 8, 659
21, 13, 7, 675
21, 14, 6, 688
21, 15, 5, 705
21, 16, 4, 721
21, 17, 4, 721
21, 18, 3, 740
21, 19, 3, 740
31, 1, 313, 0
31, 2, 133, 180
31, 3, 71, 304
31, 4, 46, 381
31, 5, 27, 460
31, 6, 18, 510
31, 7, 16, 522
31, 8, 14, 546
31, 9, 13, 554
31, 10, 11, 577
31, 11, 10, 593
31, 12, 9, 614
31, 13, 8, 626
31, 14, 7, 639
31, 15, 7, 653
31, 16, 7, 660
31, 17, 7, 661
31, 18, 5, 696
31, 19, 3, 732
41, 1, 287, 0
41, 2, 131, 156
41, 3, 75, 268
41, 4, 48, 352
41, 5, 32, 418
41, 6, 25, 455
41, 7, 18, 497
41, 8, 14, 525
41, 9, 14, 525
41, 10, 12, 543
41, 11, 12, 561
41, 12, 11, 566
41, 13, 12, 566
41, 14, 12, 579
41, 15, 10, 599
41, 16, 8, 623
41, 17, 7, 640
41, 18, 5, 674
41, 19, 5, 674
51, 1, 272, 0
51, 2, 130, 142
51, 3, 75, 252
51, 4, 48, 334
51, 5, 33, 395
51, 6, 23, 449
51, 7, 18, 481
51, 8, 14, 514
51, 9, 14, 514
51, 10, 11, 542
51, 11, 10, 552
51, 12, 11, 554
51, 13, 11, 556
51, 14, 10, 571
51, 15, 9, 585
51, 16, 8, 610
51, 17, 8, 616
51, 18, 7, 633
51, 19, 7, 633
61, 1, 254, 0
61, 2, 126, 128
61, 3, 71, 238
61, 4, 47, 314
61, 5, 34, 366
61, 6, 26, 411
61, 7, 20, 447
61, 8, 13, 497
61, 9, 12, 510
61, 10, 10, 529
61, 11, 10, 529
61, 12, 9, 546
61, 13, 9, 546
61, 14, 8, 559
61, 15, 8, 559
61, 16, 7, 575
61, 17, 7, 575
61, 18, 7, 592
61, 19, 6, 614
71, 1, 244, 0
71, 2, 123, 121
71, 3, 67, 233
71, 4, 47, 293
71, 5, 36, 339
71, 6, 29, 379
71, 7, 22, 427
71, 8, 15, 480
71, 9, 12, 504
71, 10, 12, 508
71, 11, 10, 528
71, 12, 9, 539
71, 13, 9, 539
71, 14, 8, 552
71, 15, 8, 552
71, 16, 7, 570
71, 17, 7, 570
71, 18, 6, 587
71, 19, 6, 590
81, 1, 228, 0
81, 2, 117, 111
81, 3, 67, 211
81, 4, 45, 282
81, 5, 34, 330
81, 6, 28, 368
81, 7, 23, 407
81, 8, 16, 458
81, 9, 14, 481
81, 10, 12, 501
81, 11, 11, 515
81, 12, 9, 537
81, 13, 9, 537
81, 14, 9, 537
81, 15, 8, 551
81, 16, 7, 566
81, 17, 7, 566
81, 18, 6, 583
81, 19, 6, 583
91, 1, 217, 0
91, 2, 111, 106
91, 3, 67, 194
91, 4, 49, 258
91, 5, 35, 314
91, 6, 26, 366
91, 7, 21, 404
91, 8, 16, 439
91, 9, 13, 472
91, 10, 13, 481
91, 11, 12, 498
91, 12, 10, 522
91, 13, 10, 523
91, 14, 9, 536
91, 15, 9, 536
91, 16, 7, 566
91, 17, 7, 566
91, 18, 6, 583
91, 19, 6, 583
101, 1, 203, 0
101, 2, 106, 97
101, 3, 67, 175
101, 4, 49, 235
101, 5, 36, 294
101, 6, 29, 335
101, 7, 22, 388
101, 8, 17, 423
101, 9, 14, 458
101, 10, 14, 458
101, 11, 13, 479
101, 12, 11, 503
101, 13, 10, 516
101, 14, 10, 516
101, 15, 9, 536
101, 16, 7, 566
101, 17, 7, 566
101, 18, 6, 583
101, 19, 6, 583
111, 1, 190, 0
111, 2, 105, 85
111, 3, 67, 161
111, 4, 50, 217
111, 5, 36, 280
111, 6, 29, 320
111, 7, 21, 379
111, 8, 18, 415
111, 9, 14, 449
111, 10, 14, 458
111, 11, 12, 478
111, 12, 10, 500
111, 13, 10, 501
111, 14, 10, 512
111, 15, 9, 528
111, 16, 8, 543
111, 17, 8, 547
111, 18, 6, 581
111, 19, 6, 581
121, 1, 177, 0
121, 2, 103, 74
121, 3, 70, 140
121, 4, 51, 202
121, 5, 35, 275
121, 6, 29, 309
121, 7, 22, 363
121, 8, 20, 391
121, 9, 15, 433
121, 10, 13, 451
121, 11, 11, 477
121, 12, 9, 499
121, 13, 9, 500
121, 14, 10, 500
121, 15, 10, 501
121, 16, 9, 527
121, 17, 8, 541
121, 18, 7, 558
121, 19, 7, 561
131, 1, 166, 0
131, 2, 101, 65
131, 3, 71, 125
131, 4, 51, 191
131, 5, 33, 266
131, 6, 30, 286
131, 7, 25, 326
131, 8, 20, 360
131, 9, 16, 400
131, 10, 14, 426
131, 11, 10, 476
131, 12, 8, 498
131, 13, 9, 499
131, 14, 9, 499
131, 15, 9, 499
131, 16, 10, 499
131, 17, 8, 527
131, 18, 7, 558
131, 19, 7, 558
141, 1, 160, 0
141, 2, 98, 62
141, 3, 72, 114
141, 4, 53, 175
141, 5, 35, 253
141, 6, 31, 278
141, 7, 27, 310
141, 8, 21, 350
141, 9, 18, 380
141, 10, 14, 425
141, 11, 10, 465
141, 12, 8, 491
141, 13, 8, 492
141, 14, 8, 492
141, 15, 8, 492
141, 16, 9, 492
141, 17, 8, 518
141, 18, 7, 557
141, 19, 7, 557
151, 1, 155, 0
151, 2, 96, 59
151, 3, 71, 109
151, 4, 54, 164
151, 5, 36, 238
151, 6, 30, 268
151, 7, 28, 302
151, 8, 21, 346
151, 9, 18, 375
151, 10, 15, 408
151, 11, 12, 440
151, 12, 9, 473
151, 13, 8, 486
151, 14, 8, 488
151, 15, 8, 488
151, 16, 8, 488
151, 17, 8, 507
151, 18, 8, 529
151, 19, 8, 531
161, 1, 145, 0
161, 2, 91, 54
161, 3, 69, 98
161, 4, 53, 154
161, 5, 35, 234
161, 6, 30, 265
161, 7, 27, 293
161, 8, 21, 341
161, 9, 19, 364
161, 10, 15, 400
161, 11, 13, 429
161, 12, 9, 472
161, 13, 8, 484
161, 14, 8, 484
161, 15, 8, 485
161, 16, 8, 485
161, 17, 7, 504
161, 18, 6, 523
161, 19, 6, 526
171, 1, 144, 0
171, 2, 90, 54
171, 3, 68, 98
171, 4, 52, 152
171, 5, 35, 226
171, 6, 29, 262
171, 7, 26, 290
171, 8, 22, 331
171, 9, 19, 361
171, 10, 15, 397
171, 11, 13, 421
171, 12, 9, 472
171, 13, 8, 484
171, 14, 8, 484
171, 15, 8, 484
171, 16, 8, 484
171, 17, 7, 503
171, 18, 6, 523
171, 19, 6, 526
181, 1, 136, 0
181, 2, 87, 49
181, 3, 64, 95
181, 4, 50, 142
181, 5, 34, 212
181, 6, 29, 249
181, 7, 24, 282
181, 8, 19, 331
181, 9, 17, 357
181, 10, 15, 383
181, 11, 13, 406
181, 12, 8, 472
181, 13, 7, 484
181, 14, 8, 484
181, 15, 8, 484
181, 16, 8, 484
181, 17, 7, 502
181, 18, 6, 520
181, 19, 6, 524
191, 1, 129, 0
191, 2, 82, 47
191, 3, 60, 91
191, 4, 48, 136
191, 5, 34, 198
191, 6, 26, 244
191, 7, 21, 276
191, 8, 17, 319
191, 9, 15, 344
191, 10, 14, 377
191, 11, 13, 403
191, 12, 11, 431
191, 13, 10, 444
191, 14, 8, 468
191, 15, 7, 482
191, 16, 7, 482
191, 17, 7, 482
191, 18, 6, 516
191, 19, 6, 519
201, 1, 121, 0
201, 2, 77, 44
201, 3, 56, 86
201, 4, 45, 125
201, 5, 32, 184
201, 6, 26, 227
201, 7, 19, 270
201, 8, 17, 304
201, 9, 14, 339
201, 10, 13, 360
201, 11, 13, 380
201, 12, 12, 393
201, 13, 10, 425
201, 14, 9, 453
201, 15, 7, 478
201, 16, 7, 478
201, 17, 7, 478
201, 18, 6, 497
201, 19, 6, 513
211, 1, 115, 0
211, 2, 74, 41
211, 3, 53, 83
211, 4, 47, 107
211, 5, 34, 172
211, 6, 25, 225
211, 7, 18, 268
211, 8, 16, 286
211, 9, 13, 325
211, 10, 13, 347
211, 11, 11, 367
211, 12, 11, 375
211, 13, 11, 398
211, 14, 9, 437
211, 15, 7, 476
211, 16, 7, 476
211, 17, 7, 476
211, 18, 7, 493
211, 19, 6, 513
221, 1, 114, 0
221, 2, 73, 41
221, 3, 52, 83
221, 4, 47, 107
221, 5, 35, 165
221, 6, 25, 223
221, 7, 18, 265
221, 8, 16, 283
221, 9, 13, 321
221, 10, 12, 344
221, 11, 11, 367
221, 12, 10, 375
221, 13, 11, 395
221, 14, 9, 434
221, 15, 7, 473
221, 16, 7, 473
221, 17, 7, 476
221, 18, 7, 493
221, 19, 6, 513
231, 1, 109, 0
231, 2, 72, 37
231, 3, 52, 77
231, 4, 46, 104
231, 5, 35, 159
231, 6, 27, 207
231, 7, 20, 250
231, 8, 18, 268
231, 9, 14, 312
231, 10, 12, 344
231, 11, 10, 364
231, 12, 10, 375
231, 13, 10, 394
231, 14, 9, 432
231, 15, 9, 446
231, 16, 9, 446
231, 17, 7, 473
231, 18, 6, 493
231, 19, 6, 494
241, 1, 106, 0
241, 2, 71, 35
241, 3, 52, 73
241, 4, 46, 101
241, 5, 35, 151
241, 6, 28, 200
241, 7, 20, 250
241, 8, 19, 260
241, 9, 15, 300
241, 10, 13, 329
241, 11, 11, 349
241, 12, 9, 370
241, 13, 8, 389
241, 14, 9, 421
241, 15, 9, 428
241, 16, 9, 442
241, 17, 7, 473
241, 18, 6, 490
241, 19, 6, 491
251, 1, 105, 0
251, 2, 71, 34
251, 3, 53, 70
251, 4, 45, 100
251, 5, 36, 146
251, 6, 30, 188
251, 7, 20, 249
251, 8, 19, 258
251, 9, 15, 298
251, 10, 13, 329
251, 11, 11, 349
251, 12, 9, 370
251, 13, 8, 389
251, 14, 6, 421
251, 15, 7, 428
251, 16, 8, 441
251, 17, 7, 468
251, 18, 6, 489
251, 19, 6, 489
261, 1, 103, 0
261, 2, 69, 34
261, 3, 53, 66
261, 4, 44, 98
261, 5, 36, 136
261, 6, 28, 187
261, 7, 21, 241
261, 8, 19, 257
261, 9, 15, 295
261, 10, 13, 323
261, 11, 11, 347
261, 12, 9, 365
261, 13, 8, 380
261, 14, 7, 413
261, 15, 7, 427
261, 16, 7, 440
261, 17, 6, 467
261, 18, 6, 485
261, 19, 6, 485
271, 1, 102, 0
271, 2, 69, 33
271, 3, 53, 65
271, 4, 44, 93
271, 5, 36, 134
271, 6, 29, 178
271, 7, 20, 235
271, 8, 19, 253
271, 9, 16, 281
271, 10, 14, 308
271, 11, 12, 331
271, 12, 10, 351
271, 13, 8, 378
271, 14, 7, 398
271, 15, 7, 425
271, 16, 7, 430
271, 17, 6, 450
271, 18, 4, 484
271, 19, 4, 484
281, 1, 100, 0
281, 2, 67, 33
281, 3, 51, 65
281, 4, 43, 90
281, 5, 36, 129
281, 6, 29, 169
281, 7, 22, 222
281, 8, 19, 252
281, 9, 16, 281
281, 10, 15, 298
281, 11, 12, 330
281, 12, 10, 349
281, 13, 8, 375
281, 14, 7, 396
281, 15, 6, 418
281, 16, 7, 422
281, 17, 7, 437
281, 18, 4, 483
281, 19, 4, 483
291, 1, 94, 0
291, 2, 64, 30
291, 3, 50, 58
291, 4, 42, 83
291, 5, 34, 121
291, 6, 31, 151
291, 7, 21, 220
291, 8, 18, 250
291, 9, 15, 276
291, 10, 14, 291
291, 11, 11, 328
291, 12, 10, 341
291, 13, 8, 372
291, 14, 7, 393
291, 15, 7, 409
291, 16, 7, 421
291, 17, 6, 436
291, 18, 4, 482
291, 19, 4, 482
301, 1, 91, 0
301, 2, 62, 29
301, 3, 49, 55
301, 4, 41, 80
301, 5, 33, 118
301, 6, 30, 145
301, 7, 22, 206
301, 8, 18, 248
301, 9, 15, 273
301, 10, 14, 289
301, 11, 11, 326
301, 12, 10, 339
301, 13, 9, 358
301, 14, 7, 392
301, 15, 6, 408
301, 16, 7, 418
301, 17, 7, 424
301, 18, 6, 444
301, 19, 4, 481
311, 1, 87, 0
311, 2, 61, 26
311, 3, 47, 54
311, 4, 39, 79
311, 5, 31, 116
311, 6, 30, 139
311, 7, 21, 205
311, 8, 18, 235
311, 9, 16, 252
311, 10, 14, 283
311, 11, 14, 290
311, 12, 11, 326
311, 13, 9, 358
311, 14, 8, 378
311, 15, 6, 408
311, 16, 6, 416
311, 17, 7, 416
311, 18, 6, 433
311, 19, 5, 466
321, 1, 85, 0
321, 2, 61, 24
321, 3, 47, 52
321, 4, 39, 77
321, 5, 32, 109
321, 6, 30, 131
321, 7, 21, 198
321, 8, 18, 230
321, 9, 16, 247
321, 10, 14, 277
321, 11, 14, 285
321, 12, 12, 309
321, 13, 9, 357
321, 14, 8, 372
321, 15, 7, 386
321, 16, 6, 408
321, 17, 8, 408
321, 18, 7, 425
321, 19, 6, 437
331, 1, 83, 0
331, 2, 59, 24
331, 3, 45, 52
331, 4, 38, 77
331, 5, 31, 105
331, 6, 29, 127
331, 7, 21, 193
331, 8, 18, 219
331, 9, 16, 245
331, 10, 15, 263
331, 11, 16, 269
331, 12, 12, 309
331, 13, 9, 355
331, 14, 8, 372
331, 15, 7, 386
331, 16, 7, 388
331, 17, 8, 391
331, 18, 6, 425
331, 19, 6, 437
341, 1, 80, 0
341, 2, 56, 24
341, 3, 42, 52
341, 4, 37, 67
341, 5, 31, 99
341, 6, 29, 125
341, 7, 21, 183
341, 8, 18, 214
341, 9, 16, 235
341, 10, 15, 258
341, 11, 16, 265
341, 12, 14, 282
341, 13, 9, 351
341, 14, 8, 366
341, 15, 7, 381
341, 16, 7, 386
341, 17, 8, 387
341, 18, 7, 406
341, 19, 5, 434
351, 1, 78, 0
351, 2, 54, 24
351, 3, 40, 52
351, 4, 37, 61
351, 5, 31, 91
351, 6, 29, 122
351, 7, 21, 179
351, 8, 18, 212
351, 9, 16, 229
351, 10, 15, 246
351, 11, 16, 263
351, 12, 14, 282
351, 13, 9, 348
351, 14, 8, 362
351, 15, 7, 379
351, 16, 7, 379
351, 17, 8, 387
351, 18, 7, 406
351, 19, 5, 433
361, 1, 76, 0
361, 2, 54, 22
361, 3, 41, 48
361, 4, 37, 60
361, 5, 31, 91
361, 6, 29, 122
361, 7, 21, 175
361, 8, 19, 195
361, 9, 17, 220
361, 10, 15, 243
361, 11, 16, 252
361, 12, 14, 273
361, 13, 10, 330
361, 14, 9, 343
361, 15, 9, 346
361, 16, 7, 376
361, 17, 7, 376
361, 18, 6, 393
361, 19, 6, 411
371, 1, 73, 0
371, 2, 52, 21
371, 3, 41, 43
371, 4, 36, 59
371, 5, 31, 88
371, 6, 29, 121
371, 7, 21, 172
371, 8, 20, 185
371, 9, 17, 212
371, 10, 15, 240
371, 11, 16, 249
371, 12, 14, 266
371, 13, 13, 290
371, 14, 9, 343
371, 15, 9, 346
371, 16, 7, 376
371, 17, 7, 376
371, 18, 6, 393
371, 19, 6, 398
381, 1, 71, 0
381, 2, 52, 19
381, 3, 42, 39
381, 4, 36, 58
381, 5, 31, 87
381, 6, 29, 120
381, 7, 21, 171
381, 8, 20, 184
381, 9, 18, 203
381, 10, 15, 240
381, 11, 16, 248
381, 12, 14, 266
381, 13, 13, 288
381, 14, 10, 328
381, 15, 10, 331
381, 16, 7, 376
381, 17, 7, 376
381, 18, 6, 393
381, 19, 6, 395
391, 1, 69, 0
391, 2, 51, 18
391, 3, 43, 34
391, 4, 36, 57
391, 5, 31, 85
391, 6, 29, 111
391, 7, 20, 171
391, 8, 20, 182
391, 9, 18, 201
391, 10, 16, 226
391, 11, 16, 236
391, 12, 14, 265
391, 13, 13, 287
391, 14, 10, 326
391, 15, 10, 329
391, 16, 7, 375
391, 17, 7, 375
391, 18, 6, 392
391, 19, 6, 394
401, 1, 66, 0
401, 2, 48, 18
401, 3, 40, 34
401, 4, 34, 56
401, 5, 31, 83
401, 6, 29, 101
401, 7, 20, 166
401, 8, 19, 178
401, 9, 19, 191
401, 10, 16, 220
401, 11, 16, 230
401, 12, 14, 265
401, 13, 13, 287
401, 14, 10, 326
401, 15, 10, 329
401, 16, 7, 375
401, 17, 7, 375
401, 18, 6, 392
401, 19, 6, 392
411, 1, 65, 0
411, 2, 47, 18
411, 3, 39, 34
411, 4, 34, 54
411, 5, 31, 81
411, 6, 29, 98
411, 7, 20, 162
411, 8, 19, 174
411, 9, 18, 189
411, 10, 16, 218
411, 11, 16, 222
411, 12, 15, 245
411, 13, 16, 254
411, 14, 10, 324
411, 15, 10, 328
411, 16, 7, 375
411, 17, 7, 375
411, 18, 6, 392
411, 19, 6, 392
421, 1, 64, 0
421, 2, 47, 17
421, 3, 39, 33
421, 4, 34, 53
421, 5, 31, 80
421, 6, 29, 97
421, 7, 20, 159
421, 8, 19, 172
421, 9, 18, 182
421, 10, 18, 199
421, 11, 16, 221
421, 12, 15, 238
421, 13, 15, 248
421, 14, 10, 318
421, 15, 10, 325
421, 16, 9, 341
421, 17, 7, 374
421, 18, 6, 391
421, 19, 6, 391
431, 1, 64, 0
431, 2, 47, 17
431, 3, 39, 33
431, 4, 34, 52
431, 5, 31, 80
431, 6, 29, 96
431, 7, 20, 159
431, 8, 19, 171
431, 9, 18, 181
431, 10, 18, 194
431, 11, 17, 208
431, 12, 15, 229
431, 13, 16, 234
431, 14, 10, 317
431, 15, 10, 323
431, 16, 9, 341
431, 17, 7, 374
431, 18, 6, 391
431, 19, 6, 391
441, 1, 63, 0
441, 2, 46, 17
441, 3, 38, 33
441, 4, 35, 47
441, 5, 30, 72
441, 6, 27, 95
441, 7, 20, 152
441, 8, 18, 167
441, 9, 18, 181
441, 10, 18, 194
441, 11, 17, 208
441, 12, 15, 229
441, 13, 15, 232
441, 14, 10, 317
441, 15, 10, 322
441, 16, 9, 340
441, 17, 8, 357
441, 18, 6, 391
441, 19, 6, 391
451, 1, 63, 0
451, 2, 46, 17
451, 3, 38, 33
451, 4, 35, 47
451, 5, 30, 72
451, 6, 27, 95
451, 7, 20, 152
451, 8, 18, 166
451, 9, 18, 180
451, 10, 17, 193
451, 11, 16, 206
451, 12, 15, 216
451, 13, 15, 228
451, 14, 12, 287
451, 15, 10, 310
451, 16, 10, 318
451, 17, 8, 352
451, 18, 6, 386
451, 19, 6, 391
461, 1, 62, 0
461, 2, 47, 15
461, 3, 38, 33
461, 4, 35, 47
461, 5, 30, 72
461, 6, 27, 95
461, 7, 20, 152
461, 8, 18, 166
461, 9, 18, 179
461, 10, 17, 189
461, 11, 16, 206
461, 12, 15, 214
461, 13, 15, 226
461, 14, 12, 287
461, 15, 10, 308
461, 16, 10, 318
461, 17, 8, 351
461, 18, 6, 385
461, 19, 6, 390
471, 1, 62, 0
471, 2, 47, 15
471, 3, 38, 33
471, 4, 35, 47
471, 5, 30, 71
471, 6, 27, 94
471, 7, 20, 150
471, 8, 18, 166
471, 9, 18, 176
471, 10, 17, 187
471, 11, 16, 203
471, 12, 15, 213
471, 13, 15, 221
471, 14, 12, 281
471, 15, 10, 307
471, 16, 10, 307
471, 17, 8, 351
471, 18, 6, 385
471, 19, 6, 390
481, 1, 61, 0
481, 2, 46, 15
481, 3, 39, 29
481, 4, 35, 47
481, 5, 30, 70
481, 6, 27, 92
481, 7, 20, 149
481, 8, 18, 163
481, 9, 17, 174
481, 10, 17, 187
481, 11, 16, 203
481, 12, 15, 213
481, 13, 15, 221
481, 14, 12, 278
481, 15, 10, 304
481, 16, 10, 305
481, 17, 8, 351
481, 18, 6, 385
481, 19, 6, 389
491, 1, 59, 0
491, 2, 44, 15
491, 3, 37, 29
491, 4, 34, 43
491, 5, 29, 69
491, 6, 27, 86
491, 7, 20, 143
491, 8, 18, 157
491, 9, 17, 172
491, 10, 17, 183
491, 11, 16, 199
491, 12, 15, 211
491, 13, 15, 219
491, 14, 12, 276
491, 15, 10, 299
491, 16, 10, 300
491, 17, 8, 349
491, 18, 6, 383
491, 19, 6, 383
501, 1, 58, 0
501, 2, 43, 15
501, 3, 36, 29
501, 4, 34, 40
501, 5, 29, 68
501, 6, 27, 85
501, 7, 19, 142
501, 8, 18, 156
501, 9, 17, 168
501, 10, 17, 183
501, 11, 16, 199
501, 12, 15, 209
501, 13, 15, 218
501, 14, 13, 262
501, 15, 10, 297
501, 16, 10, 299
501, 17, 10, 310
501, 18, 7, 362
501, 19, 7, 362
511, 1, 58, 0
511, 2, 43, 15
511, 3, 36, 29
511, 4, 33, 40
511, 5, 29, 67
511, 6, 27, 82
511, 7, 19, 139
511, 8, 18, 155
511, 9, 17, 164
511, 10, 17, 178
511, 11, 16, 194
511, 12, 15, 205
511, 13, 15, 212
511, 14, 13, 256
511, 15, 10, 296
511, 16, 10, 298
511, 17, 10, 307
511, 18, 7, 358
511, 19, 7, 358
521, 1, 58, 0
521, 2, 43, 15
521, 3, 36, 29
521, 4, 33, 40
521, 5, 29, 67
521, 6, 27, 82
521, 7, 19, 136
521, 8, 18, 152
521, 9, 17, 164
521, 10, 17, 178
521, 11, 16, 191
521, 12, 15, 205
521, 13, 15, 212
521, 14, 12, 255
521, 15, 12, 262
521, 16, 11, 279
521, 17, 10, 304
521, 18, 7, 355
521, 19, 7, 355
531, 1, 55, 0
531, 2, 41, 14
531, 3, 35, 26
531, 4, 32, 38
531, 5, 28, 65
531, 6, 26, 80
531, 7, 19, 125
531, 8, 18, 152
531, 9, 17, 164
531, 10, 17, 178
531, 11, 16, 188
531, 12, 15, 204
531, 13, 15, 208
531, 14, 14, 225
531, 15, 12, 258
531, 16, 11, 279
531, 17, 10, 301
531, 18, 7, 355
531, 19, 7, 355
541, 1, 54, 0
541, 2, 40, 14
541, 3, 34, 26
541, 4, 32, 37
541, 5, 28, 64
541, 6, 26, 79
541, 7, 19, 124
541, 8, 18, 150
541, 9, 18, 154
541, 10, 17, 174
541, 11, 16, 183
541, 12, 16, 186
541, 13, 15, 205
541, 14, 14, 219
541, 15, 12, 254
541, 16, 11, 279
541, 17, 10, 300
541, 18, 7, 352
541, 19, 7, 352
551, 1, 50, 0
551, 2, 37, 13
551, 3, 32, 23
551, 4, 30, 34
551, 5, 28, 53
551, 6, 25, 77
551, 7, 20, 110
551, 8, 17, 143
551, 9, 18, 150
551, 10, 16, 170
551, 11, 16, 177
551, 12, 16, 180
551, 13, 15, 201
551, 14, 14, 215
551, 15, 13, 235
551, 16, 12, 263
551, 17, 10, 300
551, 18, 7, 352
551, 19, 7, 352
561, 1, 49, 0
561, 2, 36, 13
561, 3, 31, 23
561, 4, 29, 34
561, 5, 27, 52
561, 6, 24, 76
561, 7, 20, 103
561, 8, 18, 130
561, 9, 18, 133
561, 10, 16, 156
561, 11, 16, 173
561, 12, 16, 180
561, 13, 15, 201
561, 14, 14, 215
561, 15, 13, 232
561, 16, 12, 260
561, 17, 10, 296
561, 18, 9, 315
561, 19, 8, 333
571, 1, 49, 0
571, 2, 36, 13
571, 3, 31, 23
571, 4, 29, 34
571, 5, 27, 52
571, 6, 24, 76
571, 7, 20, 102
571, 8, 19, 122
571, 9, 18, 133
571, 10, 16, 154
571, 11, 16, 171
571, 12, 16, 178
571, 13, 15, 199
571, 14, 14, 212
571, 15, 14, 214
571, 16, 13, 241
571, 17, 10, 296
571, 18, 9, 314
571, 19, 8, 333
581, 1, 48, 0
581, 2, 35, 13
581, 3, 30, 23
581, 4, 28, 33
581, 5, 26, 51
581, 6, 23, 74
581, 7, 20, 94
581, 8, 19, 118
581, 9, 17, 133
581, 10, 15, 153
581, 11, 14, 171
581, 12, 16, 176
581, 13, 15, 198
581, 14, 14, 211
581, 15, 14, 212
581, 16, 13, 240
581, 17, 11, 276
581, 18, 9, 314
581, 19, 8, 332
591, 1, 48, 0
591, 2, 35, 13
591, 3, 30, 23
591, 4, 28, 33
591, 5, 25, 51
591, 6, 22, 74
591, 7, 19, 94
591, 8, 19, 114
591, 9, 17, 132
591, 10, 15, 152
591, 11, 15, 160
591, 12, 14, 176
591, 13, 15, 197
591, 14, 14, 211
591, 15, 14, 212
591, 16, 13, 233
591, 17, 11, 271
591, 18, 9, 308
591, 19, 9, 312
601, 1, 46, 0
601, 2, 34, 12
601, 3, 29, 22
601, 4, 27, 29
601, 5, 23, 49
601, 6, 22, 67
601, 7, 21, 78
601, 8, 19, 113
601, 9, 17, 131
601, 10, 15, 151
601, 11, 15, 159
601, 12, 14, 176
601, 13, 15, 196
601, 14, 14, 210
601, 15, 14, 211
601, 16, 13, 231
601, 17, 11, 264
601, 18, 9, 306
601, 19, 9, 306
611, 1, 46, 0
611, 2, 34, 12
611, 3, 29, 22
611, 4, 27, 29
611, 5, 23, 46
611, 6, 22, 67
611, 7, 21, 78
611, 8, 18, 112
611, 9, 17, 127
611, 10, 15, 149
611, 11, 15, 157
611, 12, 14, 173
611, 13, 14, 195
611, 14, 14, 209
611, 15, 14, 210
611, 16, 13, 230
611, 17, 11, 263
611, 18, 9, 306
611, 19, 9, 306
621, 1, 45, 0
621, 2, 33, 12
621, 3, 29, 20
621, 4, 27, 28
621, 5, 24, 41
621, 6, 20, 65
621, 7, 20, 76
621, 8, 17, 108
621, 9, 17, 122
621, 10, 16, 134
621, 11, 15, 151
621, 12, 14, 172
621, 13, 14, 192
621, 14, 14, 206
621, 15, 14, 208
621, 16, 13, 224
621, 17, 11, 259
621, 18, 9, 304
621, 19, 9, 304
631, 1, 42, 0
631, 2, 31, 11
631, 3, 28, 17
631, 4, 28, 21
631, 5, 24, 39
631, 6, 21, 58
631, 7, 21, 69
631, 8, 17, 106
631, 9, 17, 120
631, 10, 16, 129
631, 11, 16, 131
631, 12, 15, 158
631, 13, 15, 177
631, 14, 15, 191
631, 15, 14, 207
631, 16, 13, 222
631, 17, 12, 241
631, 18, 9, 303
631, 19, 9, 303
641, 1, 40, 0
641, 2, 30, 10
641, 3, 27, 16
641, 4, 29, 17
641, 5, 24, 38
641, 6, 21, 57
641, 7, 21, 69
641, 8, 17, 104
641, 9, 17, 119
641, 10, 16, 129
641, 11, 16, 130
641, 12, 16, 146
641, 13, 15, 171
641, 14, 16, 176
641, 15, 14, 206
641, 16, 13, 221
641, 17, 12, 237
641, 18, 9, 303
641, 19, 9, 303
651, 1, 39, 0
651, 2, 29, 10
651, 3, 26, 16
651, 4, 28, 17
651, 5, 23, 36
651, 6, 20, 57
651, 7, 20, 69
651, 8, 16, 104
651, 9, 16, 117
651, 10, 15, 128
651, 11, 15, 130
651, 12, 16, 146
651, 13, 15, 170
651, 14, 16, 175
651, 15, 14, 205
651, 16, 13, 220
651, 17, 12, 236
651, 18, 9, 298
651, 19, 9, 302
661, 1, 38, 0
661, 2, 28, 10
661, 3, 25, 16
661, 4, 27, 17
661, 5, 23, 36
661, 6, 20, 57
661, 7, 20, 69
661, 8, 16, 104
661, 9, 16, 117
661, 10, 15, 128
661, 11, 15, 129
661, 12, 14, 141
661, 13, 14, 168
661, 14, 14, 173
661, 15, 14, 203
661, 16, 13, 219
661, 17, 12, 235
661, 18, 9, 297
661, 19, 9, 297
671, 1, 37, 0
671, 2, 27, 10
671, 3, 24, 16
671, 4, 27, 16
671, 5, 23, 35
671, 6, 20, 56
671, 7, 20, 69
671, 8, 16, 104
671, 9, 16, 117
671, 10, 15, 128
671, 11, 15, 129
671, 12, 14, 141
671, 13, 14, 164
671, 14, 14, 172
671, 15, 14, 202
671, 16, 13, 217
671, 17, 12, 233
671, 18, 9, 297
671, 19, 9, 297
681, 1, 36, 0
681, 2, 27, 9
681, 3, 24, 15
681, 4, 27, 15
681, 5, 24, 30
681, 6, 20, 56
681, 7, 20, 69
681, 8, 16, 104
681, 9, 16, 117
681, 10, 15, 128
681, 11, 15, 129
681, 12, 14, 141
681, 13, 14, 163
681, 14, 14, 171
681, 15, 14, 201
681, 16, 13, 216
681, 17, 12, 232
681, 18, 10, 274
681, 19, 9, 294
691, 1, 36, 0
691, 2, 27, 9
691, 3, 24, 15
691, 4, 27, 15
691, 5, 24, 30
691, 6, 20, 55
691, 7, 20, 69
691, 8, 16, 104
691, 9, 15, 117
691, 10, 14, 128
691, 11, 14, 129
691, 12, 14, 141
691, 13, 14, 158
691, 14, 14, 161
691, 15, 13, 194
691, 16, 12, 214
691, 17, 12, 230
691, 18, 11, 254
691, 19, 9, 292
701, 1, 36, 0
701, 2, 27, 9
701, 3, 24, 15
701, 4, 26, 15
701, 5, 23, 30
701, 6, 20, 54
701, 7, 20, 68
701, 8, 17, 94
701, 9, 15, 116
701, 10, 14, 127
701, 11, 14, 128
701, 12, 14, 129
701, 13, 13, 153
701, 14, 14, 159
701, 15, 12, 189
701, 16, 12, 205
701, 17, 12, 221
701, 18, 11, 251
701, 19, 9, 290
711, 1, 36, 0
711, 2, 27, 9
711, 3, 24, 15
711, 4, 26, 15
711, 5, 23, 30
711, 6, 20, 53
711, 7, 20, 66
711, 8, 17, 93
711, 9, 16, 107
711, 10, 14, 127
711, 11, 14, 128
711, 12, 14, 129
711, 13, 13, 153
711, 14, 14, 159
711, 15, 13, 174
711, 16, 12, 203
711, 17, 12, 219
711, 18, 11, 246
711, 19, 9, 287
721, 1, 36, 0
721, 2, 27, 9
721, 3, 24, 15
721, 4, 26, 15
721, 5, 23, 30
721, 6, 20, 53
721, 7, 20, 64
721, 8, 17, 92
721, 9, 16, 107
721, 10, 14, 127
721, 11, 14, 128
721, 12, 14, 129
721, 13, 12, 153
721, 14, 14, 159
721, 15, 13, 174
721, 16, 12, 203
721, 17, 12, 216
721, 18, 11, 244
721, 19, 10, 265
731, 1, 36, 0
731, 2, 27, 9
731, 3, 24, 15
731, 4, 26, 15
731, 5, 23, 30
731, 6, 20, 53
731, 7, 19, 64
731, 8, 17, 88
731, 9, 16, 103
731, 10, 14, 125
731, 11, 14, 126
731, 12, 14, 127
731, 13, 12, 151
731, 14, 14, 157
731, 15, 13, 172
731, 16, 11, 201
731, 17, 11, 214
731, 18, 11, 241
731, 19, 10, 262
741, 1, 35, 0
741, 2, 26, 9
741, 3, 23, 15
741, 4, 25, 15
741, 5, 23, 26
741, 6, 20, 52
741, 7, 19, 63
741, 8, 17, 84
741, 9, 16, 103
741, 10, 14, 125
741, 11, 14, 126
741, 12, 14, 127
741, 13, 12, 151
741, 14, 13, 156
741, 15, 13, 168
741, 16, 12, 181
741, 17, 11, 212
741, 18, 11, 241
741, 19, 10, 262
751, 1, 35, 0
751, 2, 26, 9
751, 3, 23, 15
751, 4, 23, 15
751, 5, 23, 24
751, 6, 21, 42
751, 7, 19, 60
751, 8, 18, 73
751, 9, 16, 101
751, 10, 15, 115
751, 11, 14, 126
751, 12, 14, 126
751, 13, 12, 151
751, 14, 13, 156
751, 15, 13, 168
751, 16, 12, 181
751, 17, 12, 199
751, 18, 10, 240
751, 19, 10, 262
761, 1, 35, 0
761, 2, 26, 9
761, 3, 23, 15
761, 4, 23, 15
761, 5, 23, 24
761, 6, 21, 40
761, 7, 19, 59
761, 8, 18, 72
761, 9, 17, 91
761, 10, 15, 114
761, 11, 15, 115
761, 12, 14, 126
761, 13, 12, 150
761, 14, 13, 155
761, 15, 14, 155
761, 16, 12, 181
761, 17, 12, 199
761, 18, 10, 240
761, 19, 10, 262
771, 1, 34, 0
771, 2, 26, 8
771, 3, 23, 14
771, 4, 23, 14
771, 5, 23, 23
771, 6, 22, 34
771, 7, 19, 59
771, 8, 18, 72
771, 9, 16, 91
771, 10, 14, 114
771, 11, 15, 115
771, 12, 14, 126
771, 13, 12, 150
771, 14, 13, 155
771, 15, 14, 155
771, 16, 12, 181
771, 17, 12, 197
771, 18, 10, 235
771, 19, 10, 259
781, 1, 32, 0
781, 2, 24, 8
781, 3, 21, 14
781, 4, 21, 14
781, 5, 20, 22
781, 6, 20, 34
781, 7, 20, 53
781, 8, 17, 71
781, 9, 16, 90
781, 10, 14, 113
781, 11, 15, 113
781, 12, 14, 125
781, 13, 12, 149
781, 14, 12, 155
781, 15, 14, 155
781, 16, 12, 181
781, 17, 12, 197
781, 18, 10, 235
781, 19, 10, 257
791, 1, 32, 0
791, 2, 24, 8
791, 3, 21, 14
791, 4, 21, 14
791, 5, 20, 22
791, 6, 20, 34
791, 7, 18, 52
791, 8, 17, 70
791, 9, 16, 88
791, 10, 14, 113
791, 11, 15, 113
791, 12, 14, 124
791, 13, 12, 149
791, 14, 12, 155
791, 15, 14, 155
791, 16, 12, 177
791, 17, 12, 197
791, 18, 10, 229
791, 19, 10, 250
801, 1, 30, 0
801, 2, 23, 7
801, 3, 20, 13
801, 4, 20, 14
801, 5, 18, 22
801, 6, 19, 34
801, 7, 17, 52
801, 8, 16, 70
801, 9, 16, 88
801, 10, 14, 111
801, 11, 15, 113
801, 12, 14, 124
801, 13, 12, 148
801, 14, 12, 154
801, 15, 14, 155
801, 16, 12, 177
801, 17, 12, 193
801, 18, 10, 228
801, 19, 10, 249
811, 1, 30, 0
811, 2, 23, 7
811, 3, 20, 13
811, 4, 20, 14
811, 5, 18, 22
811, 6, 19, 34
811, 7, 17, 52
811, 8, 16, 70
811, 9, 16, 88
811, 10, 14, 110
811, 11, 15, 113
811, 12, 14, 124
811, 13, 12, 148
811, 14, 12, 153
811, 15, 14, 154
811, 16, 13, 167
811, 17, 12, 193
811, 18, 10, 225
811, 19, 10, 245
821, 1, 30, 0
821, 2, 23, 7
821, 3, 20, 13
821, 4, 20, 14
821, 5, 18, 22
821, 6, 19, 34
821, 7, 17, 52
821, 8, 16, 70
821, 9, 16, 88
821, 10, 14, 110
821, 11, 15, 113
821, 12, 14, 124
821, 13, 12, 148
821, 14, 12, 153
821, 15, 14, 154
821, 16, 13, 167
821, 17, 11, 193
821, 18, 10, 225
821, 19, 10, 244
831, 1, 30, 0
831, 2, 23, 7
831, 3, 20, 13
831, 4, 20, 14
831, 5, 18, 22
831, 6, 19, 33
831, 7, 17, 51
831, 8, 16, 69
831, 9, 15, 87
831, 10, 14, 100
831, 11, 14, 113
831, 12, 14, 124
831, 13, 12, 148
831, 14, 12, 150
831, 15, 13, 154
831, 16, 13, 167
831, 17, 11, 193
831, 18, 10, 224
831, 19, 10, 229
841, 1, 30, 0
841, 2, 23, 7
841, 3, 20, 13
841, 4, 20, 14
841, 5, 18, 22
841, 6, 19, 33
841, 7, 17, 51
841, 8, 16, 69
841, 9, 15, 87
841, 10, 14, 100
841, 11, 13, 111
841, 12, 13, 124
841, 13, 12, 148
841, 14, 12, 150
841, 15, 13, 151
841, 16, 13, 164
841, 17, 11, 193
841, 18, 10, 224
841, 19, 10, 229
851, 1, 29, 0
851, 2, 23, 6
851, 3, 20, 12
851, 4, 20, 13
851, 5, 18, 21
851, 6, 20, 27
851, 7, 17, 51
851, 8, 16, 69
851, 9, 15, 87
851, 10, 14, 100
851, 11, 13, 111
851, 12, 13, 124
851, 13, 11, 147
851, 14, 11, 149
851, 15, 13, 149
851, 16, 13, 164
851, 17, 12, 180
851, 18, 10, 224
851, 19, 10, 229
861, 1, 29, 0
861, 2, 23, 6
861, 3, 20, 12
861, 4, 20, 13
861, 5, 18, 21
861, 6, 20, 27
861, 7, 17, 51
861, 8, 16, 69
861, 9, 15, 80
861, 10, 14, 100
861, 11, 13, 111
861, 12, 13, 124
861, 13, 11, 146
861, 14, 11, 148
861, 15, 13, 148
861, 16, 13, 161
861, 17, 12, 180
861, 18, 10, 219
861, 19, 10, 224
871, 1, 28, 0
871, 2, 23, 5
871, 3, 20, 11
871, 4, 20, 12
871, 5, 18, 21
871, 6, 19, 26
871, 7, 17, 47
871, 8, 16, 69
871, 9, 15, 80
871, 10, 14, 100
871, 11, 13, 110
871, 12, 13, 123
871, 13, 11, 145
871, 14, 11, 147
871, 15, 13, 147
871, 16, 13, 160
871, 17, 12, 179
871, 18, 10, 214
871, 19, 10, 223
881, 1, 28, 0
881, 2, 23, 5
881, 3, 20, 11
881, 4, 20, 12
881, 5, 18, 21
881, 6, 19, 26
881, 7, 17, 46
881, 8, 16, 68
881, 9, 15, 79
881, 10, 14, 98
881, 11, 13, 109
881, 12, 13, 122
881, 13, 11, 144
881, 14, 11, 146
881, 15, 13, 146
881, 16, 13, 159
881, 17, 12, 178
881, 18, 10, 213
881, 19, 10, 221
891, 1, 28, 0
891, 2, 23, 5
891, 3, 20, 11
891, 4, 20, 12
891, 5, 18, 21
891, 6, 19, 26
891, 7, 16, 46
891, 8, 16, 68
891, 9, 15, 79
891, 10, 14, 97
891, 11, 13, 108
891, 12, 13, 121
891, 13, 11, 143
891, 14, 11, 143
891, 15, 13, 146
891, 16, 13, 159
891, 17, 12, 178
891, 18, 10, 213
891, 19, 10, 220
901, 1, 27, 0
901, 2, 22, 5
901, 3, 20, 9
901, 4, 20, 10
901, 5, 19, 16
901, 6, 19, 26
901, 7, 16, 43
901, 8, 16, 66
901, 9, 15, 79
901, 10, 15, 87
901, 11, 13, 108
901, 12, 12, 121
901, 13, 12, 130
901, 14, 11, 143
901, 15, 12, 145
901, 16, 12, 159
901, 17, 12, 178
901, 18, 10, 213
901, 19, 10, 220
911, 1, 26, 0
911, 2, 21, 5
911, 3, 19, 9
911, 4, 19, 10
911, 5, 19, 12
911, 6, 19, 25
911, 7, 17, 36
911, 8, 16, 55
911, 9, 15, 72
911, 10, 15, 80
911, 11, 13, 108
911, 12, 12, 121
911, 13, 12, 130
911, 14, 11, 143
911, 15, 11, 145
911, 16, 12, 146
911, 17, 12, 178
911, 18, 11, 195
911, 19, 11, 202
921, 1, 25, 0
921, 2, 20, 5
921, 3, 18, 9
921, 4, 18, 10
921, 5, 18, 12
921, 6, 18, 25
921, 7, 16, 36
921, 8, 15, 55
921, 9, 14, 72
921, 10, 15, 77
921, 11, 13, 104
921, 12, 12, 117
921, 13, 12, 126
921, 14, 11, 139
921, 15, 11, 144
921, 16, 12, 145
921, 17, 12, 177
921, 18, 11, 194
921, 19, 11, 194
931, 1, 22, 0
931, 2, 18, 4
931, 3, 16, 8
931, 4, 17, 9
931, 5, 17, 10
931, 6, 17, 23
931, 7, 15, 35
931, 8, 14, 54
931, 9, 13, 69
931, 10, 14, 76
931, 11, 12, 103
931, 12, 11, 116
931, 13, 11, 125
931, 14, 10, 138
931, 15, 10, 141
931, 16, 10, 142
931, 17, 11, 157
931, 18, 10, 174
931, 19, 11, 177
941, 1, 22, 0
941, 2, 18, 4
941, 3, 16, 8
941, 4, 17, 8
941, 5, 17, 9
941, 6, 17, 23
941, 7, 15, 35
941, 8, 14, 54
941, 9, 13, 69
941, 10, 14, 74
941, 11, 12, 103
941, 12, 11, 116
941, 13, 11, 125
941, 14, 10, 138
941, 15, 10, 140
941, 16, 10, 142
941, 17, 11, 155
941, 18, 11, 155
941, 19, 12, 155
951, 1, 21, 0
951, 2, 17, 4
951, 3, 16, 6
951, 4, 17, 6
951, 5, 17, 7
951, 6, 18, 16
951, 7, 15, 34
951, 8, 14, 52
951, 9, 13, 67
951, 10, 14, 72
951, 11, 14, 80
951, 12, 11, 115
951, 13, 11, 124
951, 14, 10, 137
951, 15, 10, 139
951, 16, 10, 141
951, 17, 11, 153
951, 18, 11, 153
951, 19, 12, 153
961, 1, 20, 0
961, 2, 16, 4
961, 3, 15, 6
961, 4, 16, 6
961, 5, 17, 7
961, 6, 18, 14
961, 7, 15, 32
961, 8, 15, 43
961, 9, 14, 58
961, 10, 14, 72
961, 11, 14, 79
961, 12, 11, 115
961, 13, 11, 124
961, 14, 10, 137
961, 15, 10, 139
961, 16, 10, 141
961, 17, 11, 150
961, 18, 11, 153
961, 19, 12, 153
971, 1, 20, 0
971, 2, 16, 4
971, 3, 15, 6
971, 4, 16, 6
971, 5, 17, 7
971, 6, 18, 14
971, 7, 15, 32
971, 8, 15, 42
971, 9, 14, 57
971, 10, 14, 72
971, 11, 14, 77
971, 12, 11, 115
971, 13, 11, 124
971, 14, 10, 137
971, 15, 10, 139
971, 16, 10, 141
971, 17, 11, 141
971, 18, 11, 153
971, 19, 12, 153
981, 1, 20, 0
981, 2, 16, 4
981, 3, 15, 6
981, 4, 16, 6
981, 5, 17, 7
981, 6, 18, 14
981, 7, 15, 32
981, 8, 15, 37
981, 9, 14, 50
981, 10, 13, 66
981, 11, 13, 71
981, 12, 11, 114
981, 13, 12, 114
981, 14, 10, 137
981, 15, 10, 139
981, 16, 10, 140
981, 17, 11, 140
981, 18, 11, 150
981, 19, 12, 150
991, 1, 20, 0
991, 2, 16, 4
991, 3, 15, 6
991, 4, 16, 6
991, 5, 17, 7
991, 6, 18, 14
991, 7, 15, 31
991, 8, 15, 37
991, 9, 14, 50
991, 10, 13, 65
991, 11, 13, 70
991, 12, 11, 113
991, 13, 11, 113
991, 14, 10, 136
991, 15, 10, 136
991, 16, 10, 140
991, 17, 11, 140
991, 18, 11, 150
991, 19, 11, 150
